State,Channel,Pulse_ID,Amplitude,AUC,S_AUC,D_AUC,AUC_Ratio,Start_Datum_Area,End_Datum_Area,Datum_Area_Ratio,Max_Start_Datum_Diff
Normal,Red,1,3.0756619357720885,3137.4426728926305,631.8199056748933,2505.6227672177374,0.25216082562039893,913.066765980064,137.48810152154957,6.641060250853432,3.0760828602047674
Normal,Red,2,2.7816022123884547,2829.6259539088196,1082.487738707986,1747.1382152008332,0.6195776208716002,697.3242811968688,117.41462363468762,5.938990047495748,2.6107208250881286
Normal,Red,3,2.9402833349730058,3004.4550186649385,588.9865408476468,2415.4684778172923,0.24383946478981877,806.6719611932233,163.9739239884805,4.919513673710057,2.9402833349730058
Normal,Red,4,3.0524669327102405,3051.9508886438125,551.8185505769276,2500.1323380668846,0.22071573659320634,919.4770109992039,221.25299660322187,4.155772012652662,3.052473479070291
Normal,Red,5,3.2038906524598607,3178.3685199653787,614.8751873694371,2563.493332595941,0.2398583134783421,904.3420702776045,246.357015047439,3.6708598295991797,3.203917846698687
Normal,Red,6,3.1917534922140427,3257.867806786978,610.0482122693761,2647.819594517601,0.23039644148434482,940.504853315743,204.16872311104035,4.606507985085623,3.1917534922140427
Normal,Red,7,2.9566597440410796,3322.9297038268487,680.0178811550185,2642.91182267183,0.25729873971639355,845.592318690795,265.5897641628679,3.183828719288487,2.9573164357048505
Normal,Red,8,3.5153792533955777,3516.0081285839087,697.234098644871,2818.7740299390375,0.24735366909136391,936.1997778923533,292.6043754865875,3.1995412793656843,3.5153792533955777
Normal,Red,9,3.394041155670118,3204.6194709104343,680.7391184922889,2523.880352418145,0.26971925108893086,885.4354879609516,273.75249151002765,3.2344380979945084,3.394157188957875
Normal,Red,10,3.051588426757453,3110.5003284473614,640.3287188781945,2470.1716095691672,0.2592243860295508,582.4474090846137,260.7042279656864,2.234131044323818,3.036717865793368
Normal,Red,11,3.1987412749137456,3738.0204161647453,684.613756147789,3053.4066600169563,0.2242130945453519,783.6605571738955,430.5663723532337,1.8200691170814096,3.1991558026460662
Normal,Red,12,3.378388133187374,3686.472694711701,1157.1114461040995,2529.3612486076013,0.4574718011280843,1025.2475015286432,278.49969795379803,3.6813235671757445,3.383408040289325
Normal,Red,13,2.9901879608984956,3382.6184449975854,1183.8547651219433,2198.763679875642,0.538418373905876,872.6863197609327,266.13671910462205,3.2790902461597855,2.948148846640149
Normal,Red,14,3.432377929609172,3643.260898176318,628.1668723018527,3015.094025874465,0.20834072400765877,977.3380200654597,377.96557698466825,2.585785795263319,3.432424141353592
Normal,Red,15,3.7408612503867236,3661.11170585259,748.4952347679705,2912.6164710846197,0.2569837952228708,1030.703706796762,322.23677746249894,3.1985911568294294,3.740923367551501
Normal,Red,16,3.356487053172426,3410.026863187198,691.1337306479044,2718.8931325392937,0.2541967252690157,897.2298287081917,274.8553129161771,3.264371422144642,3.356492603369719
Normal,Red,17,3.1509574217677185,3530.637572142352,603.5577971711721,2927.07977497118,0.20619793226411626,907.9784872997565,345.0931318593159,2.631111440577473,3.151083069417397
Normal,Red,18,3.1845791950706404,3329.2503415681495,845.8380792723162,2483.412262295834,0.34059511266581505,871.3093584718408,219.6841643827492,3.9661910129934737,3.1853604511816904
Normal,Red,19,3.225161378956579,3237.218980323552,603.6923262099875,2633.5266541135643,0.22923342175672348,856.0584932547201,273.28655304065774,3.132457428768409,3.225182191161621
Normal,Red,20,3.120227391892108,3222.139428266626,1385.6419046913174,1836.4975235753086,0.7545024629239566,898.4273144311206,259.9195119413042,3.4565597162017068,2.9732012277724698
Normal,Red,21,3.0455769363940473,3186.994392005209,558.3376253705255,2628.6567666346837,0.2124041573085758,883.8215194089332,268.9275464583216,3.28646704678841,3.0455826821939977
Normal,Red,22,2.925128186645475,3135.434086986568,591.4684695888942,2543.9656173976746,0.23249860986483428,848.2013447893637,202.4527850503846,4.189625470344955,2.925128186645475
Normal,Red,23,2.938158933024698,3061.429985488475,568.4699171606482,2492.9600683278263,0.2280300933748827,790.6905534228864,219.05580915249664,3.6095393063620778,2.9381642627068727
Normal,Red,24,3.0278127366057017,3359.4590165247796,717.8432022473827,2641.615814277397,0.27174398274252676,862.9988305207154,304.1944672143264,2.836997130236008,3.0281062914983323
Normal,IR,1,3.1970028532323393,3239.2681968532997,637.234175726084,2602.0340211272155,0.24489847963249559,919.7738687788224,223.89201434802743,4.10811377733681,3.197018022693965
Normal,IR,2,3.166085782724017,3183.2092088229283,620.0374974578,2563.171711365128,0.24190244247334183,893.793188675919,222.2665505663299,4.021267196519473,3.166085782724017
Normal,IR,3,3.166446162390862,3197.8393819412586,636.719450867477,2561.119931073781,0.24860977541201068,892.2920128895853,232.92979032552228,3.8307337659240415,3.166446162390862
Normal,IR,4,3.1730340775644206,3170.641741157633,634.1016215713133,2536.54011958632,0.2499868291752972,896.4301282764533,218.99265084857447,4.09342562320186,3.1730340775644206
Normal,IR,5,3.092331462544929,3189.0374843817435,613.1622717629706,2575.875212618773,0.23804036343033752,874.9516167059741,232.4541914864209,3.763974360329336,3.092331462544929
Normal,IR,6,3.179216073532933,3268.7771512758104,627.3524697280882,2641.4246815477222,0.23750534100427043,905.475470643301,248.49698855757634,3.6438086268136156,3.179216073532933
Normal,IR,7,3.234974895626398,3245.6537996986563,643.9581622914674,2601.6956374071888,0.24751479497933376,917.3334750508375,226.9072108877387,4.0427691630509,3.234985074486218
Normal,IR,8,3.179055106618148,3189.1490980684475,632.4971221685436,2556.651975899904,0.24739273398598333,901.1765639328912,224.55771270207424,4.013117844357911,3.179060177537835
Normal,IR,9,3.104455775076088,3193.8455075451443,624.5481642788651,2569.297343266279,0.24308131011605444,878.5897310706781,236.06373684679957,3.7218326830133357,3.104455775076088
Normal,IR,10,3.1767144808653502,3247.8275322483214,641.2398696931233,2606.587662555198,0.24600740612135238,901.1163732628196,247.94083634386575,3.6344007971848318,3.1767144808653502
Normal,IR,11,3.167199074625878,3226.0418473603127,640.0095609535683,2586.032286406744,0.24748707288680172,895.9154675630219,231.5661956125143,3.86893892346092,3.167199074625878
Normal,IR,12,3.161348770491484,3228.6104169848936,624.3351914326809,2604.2752255522123,0.2397347197818911,894.6011666238601,247.22607713125547,3.6185550367686536,3.161348770491484
Normal,IR,13,3.1410167421262383,3241.8969724600674,624.1490688484065,2617.747903611661,0.23842978462031386,898.8850043782597,245.13189764490488,3.6669442574151394,3.1410167421262383
Normal,IR,14,3.208901908241228,3234.4842064741956,632.8506924208975,2601.633514053298,0.24325128385778197,907.0516615146691,228.68817734086528,3.966325115979593,3.208901908241228
Normal,IR,15,3.1588744007467238,3234.091195358192,625.4271635880241,2608.664031770168,0.23974998542208836,895.6845708242737,235.7118458310781,3.799913269807247,3.1588749470826913
Normal,IR,16,3.196945964950075,3256.8149658848433,643.7215658900923,2613.093399994751,0.24634464496806174,908.1373356640468,234.91182471323305,3.865864720827268,3.196945964950075
Normal,IR,17,3.1919062124069932,3223.542138960023,621.5770477239282,2601.965091236095,0.2388875430410331,912.6308271951566,226.42811202331066,4.030554417647583,3.1919062124069932
Normal,IR,18,3.190861471132511,3182.9956172800457,622.5555079921174,2560.4401092879284,0.24314394456398877,892.1850535384287,226.2611279806066,3.943165410255093,3.190861471132511
Normal,IR,19,3.1316400647278604,3207.2007370657357,621.9340556643364,2585.2666814013996,0.24056862688038186,880.7981415979004,244.58224328767977,3.6012350273600933,3.1316400647278604
Normal,IR,20,3.172116646670175,3230.8257222109487,643.8351969932514,2586.9905252176977,0.24887419985392953,894.335536520586,237.842362267478,3.7602028839371116,3.172116646670175
Normal,IR,21,3.161081020940416,3208.7889644864727,632.1522663654287,2576.636698121044,0.2453400849356884,905.7074968627969,226.44285715909007,3.9997176692859053,3.161081020940416
Normal,IR,22,3.156404011397963,3191.349530844229,630.8293789698131,2560.520151874416,0.24636766811150365,897.6422698675599,232.6637238629346,3.858110129778432,3.156404011397963
Normal,IR,23,3.143719637551617,3186.6261815980115,631.1676538260738,2555.4585277719375,0.24698802464087669,885.1852538837619,228.27789687606105,3.8776651879019,3.143719637551617
Normal,IR,24,3.141424802019243,3185.2666195535294,634.7347289375864,2550.5318906159437,0.24886367085741493,882.7951789358157,229.19749729156922,3.8516789640716915,3.141424802019243
Ischaemia,Red,1,3.215658757367228,3249.084797572207,1083.3371875567555,2165.7476100154518,0.5002139596261755,864.0120705779582,236.36209521285298,3.655459517736474,3.1050921425984797
Ischaemia,Red,2,3.0915646923374167,3063.5328474513576,616.7506682231025,2446.782179228255,0.25206602919497856,911.0872036657195,213.7310673304491,4.262773844932378,3.091576311199804
Ischaemia,Red,3,3.0907986782893313,3083.196970401556,554.7476394796312,2528.4493309219247,0.21940231615294373,853.3687886281848,160.62660773701793,5.312748620236956,3.0907986782893313
Ischaemia,Red,4,3.0115340733589333,3163.3062748519806,525.0545815300903,2638.2516933218903,0.19901610709059403,857.369639783604,217.2699406787361,3.946103345475408,3.0115340733589333
Ischaemia,Red,5,3.257149435656867,3303.2442398302246,765.0183727267583,2538.2258671034665,0.30139885604419053,703.1824967340531,191.73499919320932,3.667470726225959,3.2490702981052157
Ischaemia,Red,6,3.2013150751115704,3308.1254796810736,958.0768049082893,2350.048674772784,0.40768381318779345,884.4791478329234,226.49295276814814,3.9051067020982755,3.1969024778103416
Ischaemia,Red,7,3.623465731578214,3214.599134729593,786.0089850230685,2428.5901497065242,0.32364826363067123,965.5085366598059,189.6987110792506,5.089694764749586,3.6234860266271287
Ischaemia,Red,8,3.0248150962619222,3281.214050805218,494.14739526221615,2787.0666555430016,0.17730017123180064,955.3446136363168,223.9140087491798,4.266569202047821,3.0248591501695246
Ischaemia,Red,9,3.5148255648304314,3211.814944714176,532.7433533618711,2679.071591352305,0.19885372047596542,1058.6228587093651,123.41324240658454,8.577870883756018,3.5148264444145667
Ischaemia,Red,10,2.8583204060663343,3137.6122057837943,645.4922523411681,2492.119953442626,0.25901331573124403,728.3696499599884,324.91445280765566,2.241727456768973,2.858592073037235
Ischaemia,Red,11,3.1536518155707167,3293.743742312704,629.8371576212028,2663.906584691501,0.2364336502040451,548.0426109332918,213.44055017452513,2.5676592872590085,3.130291673775621
Ischaemia,Red,12,3.393108109329499,3155.651213389061,602.7609890771668,2552.8902243118946,0.2361092472120045,992.4542884153357,184.21123314793596,5.387588321599897,3.393332642061759
Ischaemia,Red,13,2.767806218934284,3105.673547181623,621.2359995811287,2484.4375476004943,0.2500509623118228,753.6943920765565,408.00613970985427,1.8472623784841369,2.768399088585701
Ischaemia,Red,14,3.18333215028483,3356.0931299553977,1578.6901825882464,1777.4029473671515,0.8882004977693684,816.6100554883092,321.5137783499067,2.53989132185677,2.792163817062149
Ischaemia,Red,15,3.024857406747291,3390.5524106668095,1048.2984456195782,2342.2539650472318,0.44755968450177824,849.573851796232,268.33959349586206,3.1660398703307004,2.982901680861231
Ischaemia,Red,16,3.4268988812812915,3433.5765105392434,598.5080723196738,2835.0684382195695,0.21110886222398867,1019.3407160707142,255.11761794836698,3.9955716279736415,3.4268988812812915
Ischaemia,Red,17,3.2510780847447682,3225.4437106704204,1388.9354055206036,1836.5083051498173,0.7562913827429155,888.2041946909859,279.4275915732527,3.1786560149273617,3.0385318924666
Ischaemia,Red,18,3.029191731024448,3020.73561918,576.4198621201092,2444.3157570598905,0.23582054014717288,814.2059110531796,205.18645808535922,3.968126935133621,3.029191731024448
Ischaemia,Red,19,2.6281841072803136,2873.1126153117802,540.4648033998715,2332.6478119119092,0.23169584394177792,778.6264061788095,186.21638608405502,4.181299092698267,2.6284847156857722
Ischaemia,Red,20,2.9541681565384956,3313.7792735250923,1296.4252528388322,2017.3540206862604,0.6426364631815175,919.5313081754301,347.34526129449534,2.6473120858148373,2.9313800552013234
Ischaemia,Red,21,3.045203369789517,3432.03802007355,629.6209890315723,2802.417031041977,0.22467069749339574,904.6745791595265,319.35948335100227,2.8327781898532662,3.0452225321869495
Ischaemia,Red,22,3.2378223276883302,2965.3087515929037,678.417906063328,2286.890845529575,0.29665513218066464,947.0355130453183,156.9457752398153,6.034157412636531,3.238859180230293
Ischaemia,Red,23,2.9505893749684553,3145.5295930834563,560.4418055195226,2585.0877875639335,0.2167979780863291,802.0591472965802,376.05916738316705,2.1328004124397832,2.9512202549106115
Ischaemia,Red,24,3.3206494523551466,3574.9990569909273,666.686347142668,2908.312709848259,0.22923475349989178,955.8274436168969,309.28476098859164,3.0904446781073505,3.320944322415971
Ischaemia,IR,1,3.20049108812981,3304.539745748808,612.3596363467195,2692.1801094020884,0.22745864372451652,943.4336836794993,241.93955286713975,3.899460309400433,3.20049108812981
Ischaemia,IR,2,3.1781820517675294,3278.930832809677,613.7079646205203,2665.2228681891565,0.23026515791435276,944.8019712546566,219.66898755544855,4.301025746823597,3.1781929297451574
Ischaemia,IR,3,3.1919703172263456,3276.368176158952,588.7212637753406,2687.6469123836114,0.2190471006674078,944.040543508588,222.90382306106844,4.2351922481381195,3.1919710036780056
Ischaemia,IR,4,3.2219585908499724,3318.3578013671786,613.848808913857,2704.5089924533213,0.22697236748953123,937.5860361164572,236.5877691231436,3.9629522675301314,3.221967715152143
Ischaemia,IR,5,3.2153946093761685,3345.3996697468683,613.8745894806625,2731.525080266206,0.22473694051560245,952.4937393860426,240.19380842071,3.9655216162679263,3.2153946093761685
Ischaemia,IR,6,3.204871846150691,3296.0572354414426,602.0119785569212,2694.045256884521,0.22346023216146965,947.8005420843817,232.25589234016297,4.080846055333782,3.204871846150691
Ischaemia,IR,7,3.1596684251924456,3308.5302103722966,610.5416513483294,2697.9885590239674,0.22629512245567152,922.1240469906602,240.2400528695161,3.8383443392409773,3.1596684251924456
Ischaemia,IR,8,3.1968584817046937,3362.1566405114886,622.1823665427887,2739.9742739687,0.22707598843312943,938.0181648751092,246.9046215787501,3.7991114094068457,3.1968584817046937
Ischaemia,IR,9,3.199552087243873,3339.0354119249905,647.8927897692637,2691.1426221557267,0.24075007561296485,941.043445733304,236.76389710724288,3.97460701243254,3.199552087243873
Ischaemia,IR,10,3.161760256053384,3258.0356862344966,613.331134271466,2644.7045519630306,0.23190913095234827,925.6855741623358,224.84430774243486,4.117006934517254,3.161760256053384
Ischaemia,IR,11,3.138308506661719,3304.1802000513435,606.8372132396322,2697.342986811711,0.2249759174886841,905.2186986204816,248.7900514433149,3.63848430983877,3.1383127503119983
Ischaemia,IR,12,3.1715461777227514,3295.8645749364887,597.623288223607,2698.241286712882,0.221486229258488,942.8922200537398,219.75418201457,4.290667924541363,3.1715838743337548
Ischaemia,IR,13,3.1152522136523784,3225.353609514034,618.7705045364421,2606.5831049775916,0.23738759886643307,900.8723944009607,226.946783840569,3.9695314432559976,3.1152522136523784
Ischaemia,IR,14,3.175665206918304,3312.2203774576533,642.6911249994552,2669.529252458198,0.24075073326416718,905.2190230777421,263.1775259353879,3.439575700320172,3.175665206918304
Ischaemia,IR,15,3.224797010433517,3331.5757348596594,631.2358305322713,2700.3399043273885,0.23376161998002323,946.236029378518,246.81284904818918,3.8338199693718917,3.2248283349766793
Ischaemia,IR,16,3.145568216819157,3332.1067119481777,619.1576167647133,2712.949095183464,0.22822308677444705,926.8571696466997,257.9638683580789,3.5929728281176647,3.145568216819157
Ischaemia,IR,17,3.1803489555219935,3289.7421752476225,622.851231359852,2666.890943887771,0.23354956931679585,943.1766572387662,226.14899566515822,4.170598478514832,3.1804067045077824
Ischaemia,IR,18,3.1049711780808256,3229.46723985481,604.0257184502221,2625.4415214045875,0.23006633875702318,916.7767805687387,222.05159350318178,4.1286656227288105,3.1049711780808256
Ischaemia,IR,19,3.1702480134305064,3249.8788477942007,588.9496678771804,2660.92917991702,0.22133233470555821,929.7402597432671,237.77450066448165,3.9101764787436273,3.1702480134305064
Ischaemia,IR,20,3.113532294854571,3298.500610699195,621.1794795449395,2677.3211311542555,0.2320153052678946,911.5873475243079,248.77098165772338,3.6643636707537453,3.113532294854571
Ischaemia,IR,21,3.2039139433673,3281.8197315728617,620.2733504975029,2661.546381075359,0.2330499873712103,929.7434220185901,237.11399739380437,3.9210819784479063,3.2039139433673
Ischaemia,IR,22,3.1494919319258408,3268.2821081290094,608.050658584455,2660.2314495445544,0.22857058497243032,922.6839348354855,256.0135791935427,3.604042948588869,3.149502365788492
Ischaemia,IR,23,3.15063665667993,3242.3281742808917,615.7376151877152,2626.590559093177,0.23442466624881833,920.7370771833776,226.99699762255045,4.0561641203483,3.15063665667993
Ischaemia,IR,24,3.123366623147359,3255.370522576939,604.4761234829232,2650.8943990940156,0.22802723627524066,916.3539780854273,240.746742915531,3.8062985483751346,3.123405582579426
Congestion,Red,1,3.077812004192245,3297.0392975081204,590.6350038353787,2706.4042936727415,0.21823605778937563,915.9957111003041,234.88216644942338,3.899809529803291,3.077812004192245
Congestion,Red,2,3.2702586826453555,3244.00651940834,619.8092434353797,2624.1972759729597,0.23619003384780832,885.610967397405,261.4033198643523,3.387910175957089,3.2702654382097975
Congestion,Red,3,3.415204950805373,3490.288579158479,619.9940155938567,2870.2945635646224,0.21600361979011845,906.4811376392306,380.3112606027664,2.3835243169043223,3.415278303985515
Congestion,Red,4,3.394959597941898,3577.1402145717757,682.2346694587023,2894.9055451130735,0.23566733312262686,906.931339386437,290.90035023222794,3.117670152897468,3.394959597941898
Congestion,Red,5,3.3722213538021264,3507.795291539274,996.2267713154095,2511.5685202238647,0.39665522293877625,858.1140523020339,263.67662498378866,3.2544183708161176,3.3605421250478162
Congestion,Red,6,3.096767484110998,3354.3132454669467,1438.6809444067621,1915.6323010601845,0.751021447910719,961.1222259247395,250.74165164529623,3.833117551942909,3.1274458422855584
Congestion,Red,7,2.865587648457959,3212.247399532403,600.6364780890985,2611.6109214433045,0.22998696825680195,816.6456555405155,254.25236520915445,3.211949099740811,2.865587648457959
Congestion,Red,8,3.0634704760141007,3245.4096216838216,557.687233249847,2687.7223884339746,0.20749435866208954,855.4328910780293,236.3259684650041,3.619716007657891,3.0634704760141007
Congestion,Red,9,3.00378001067034,3513.4858697497693,585.8491605729002,2927.636709176869,0.20010992440985512,816.7540870310258,349.6785775099555,2.3357281216570165,3.003896319453384
Congestion,Red,10,3.4385539648022414,3843.563936673241,722.1507037813426,3121.413232891898,0.23135376507399857,950.5619787902667,407.9441924847092,2.330127493666664,3.438596705438332
Congestion,Red,11,3.679040534645822,4082.1976822335237,849.4523130708907,3232.7453691626333,0.2627649926201646,1014.2885821687236,429.1301684705527,2.3635918811854055,3.6790421117466474
Congestion,Red,12,3.2753762855676287,3576.7852980367093,1496.1248869060996,2080.6604111306096,0.7190625048193812,963.4250893934508,237.98553619222298,4.048250598789684,3.103696575400604
Congestion,Red,13,3.246051867064259,3370.131827278824,632.8744555753383,2737.257371703485,0.2312075079668083,869.527938862855,297.36398006724266,2.9241199242296574,3.246120578667119
Congestion,Red,14,3.2160715722044686,3358.877765791444,641.9978082130613,2716.879957578383,0.23629965925520263,880.133283546828,225.58542595944624,3.901552060836814,3.216143033857646
Congestion,Red,15,3.0027559819347447,3102.3997884068312,640.6562612576722,2461.7435271491586,0.2602449256765546,833.8189706545004,142.96042568356796,5.832516003415486,3.0029099419190786
Congestion,Red,16,3.093763594672627,3000.183607492612,681.0247951583098,2319.1588123343017,0.2936516428009681,822.9617176120967,258.90102254064016,3.1786731065649416,3.093805358314894
Congestion,Red,17,3.0014639525080975,3073.028007372217,627.8768455918485,2445.151161780368,0.25678447018166256,820.9355111039245,286.1727808128199,2.868670838547998,3.0014639525080975
Congestion,Red,18,2.59887625781271,3186.769354415323,506.2414971926114,2680.5278572227116,0.1888588830847395,792.8485119739704,290.79361224884775,2.726499065239051,2.598970971448882
Congestion,Red,19,3.109650019404561,3225.1707891208225,571.8699587670891,2653.3008303537335,0.21553151916469585,910.2538047004416,223.5187207286484,4.07238284888669,3.1096643214449795
Congestion,Red,20,2.848994070531602,3173.1787079348996,521.016497209509,2652.1622107253907,0.19644971001491127,854.7761995372585,252.1079841422467,3.3905161807766024,2.848994070531602
Congestion,Red,21,2.9994390310057204,3209.868451638521,1240.0232136984896,1969.8452379400321,0.6295028613492729,864.2868554382574,247.19715705780177,3.4963462595007204,2.9225048385597763
Congestion,Red,22,2.993465578920757,3198.955417081346,583.3387609213515,2615.6166561599944,0.22302150414417202,831.1006201652425,253.37415983827768,3.280131725728121,2.993465578920757
Congestion,Red,23,3.152863615239823,3098.1665472246555,651.0569038792344,2447.1096433454213,0.2660513825564352,899.962187043131,174.64853788289236,5.1529901020218425,3.152927330983167
Congestion,Red,24,2.9993363595881304,2971.1994649032818,647.2606269333437,2323.9388379699376,0.27851878730971863,817.1167937910091,200.90010287857316,4.067279120732387,2.99937957186368
Congestion,IR,1,2.9507149042920453,3102.1225784135263,661.7847832978703,2440.3377951156563,0.2711857287226525,791.2919509263072,229.2695982708915,3.4513601318887606,2.9507149042920453
Congestion,IR,2,2.877758218278924,3085.875018913427,652.1621061284498,2433.7129127849776,0.26797002337558345,772.7635932081332,219.3200078741351,3.5234523320444717,2.877758218278924
Congestion,IR,3,2.878069615195541,3078.047132458163,626.3011873752314,2451.745945082932,0.2554510954249978,769.6778374767546,211.51178284683908,3.6389359832217827,2.878069615195541
Congestion,IR,4,2.9136888222306543,3100.8115507551747,635.2096338401155,2465.6019169150595,0.25762862588737945,780.203247513436,212.73573530240694,3.667476206592023,2.9136888222306543
Congestion,IR,5,2.9780292587411354,3128.2133055738886,651.702917317783,2476.510388256106,0.2631537183967539,814.7767050564028,224.80169937800014,3.624424136075457,2.9780292587411354
Congestion,IR,6,2.9218269766404936,3104.472508365784,625.9987925049129,2478.4737158608714,0.2525743115607256,814.8219257311832,213.87542160556933,3.8097969351236816,2.9218269766404936
Congestion,IR,7,2.8956649258639517,3025.904089289368,645.903803308385,2380.000285980983,0.27138812004056456,787.3476244401736,197.3895092380638,3.9888017731002328,2.8956649258639517
Congestion,IR,8,2.890455919692379,3071.762150991334,609.6838657363884,2462.078285254945,0.24762976440989015,784.9652085892315,218.6083578923679,3.590737408931593,2.8904801356580165
Congestion,IR,9,2.9702943621872397,3130.2926067390013,621.8856865638137,2508.4069201751877,0.24792057523122327,813.5421556958274,216.2538129872352,3.761978318245183,2.9702943621872397
Congestion,IR,10,2.974491015177177,3146.2544569718375,654.4190810596344,2491.835375912203,0.26262532725303606,799.7061576730456,219.64310650981903,3.640934470380454,2.974491015177177
Congestion,IR,11,2.944762316709019,3136.2432107092327,664.8961055865748,2471.3471051226584,0.26904197480328224,805.8485117306756,207.26097577203265,3.8880860650633635,2.944762316709019
Congestion,IR,12,3.001254504305586,3109.8354354541775,633.1626283550605,2476.6728070991167,0.2556504947040916,809.0456797984865,217.81210983972198,3.7144201045287444,3.001254504305586
Congestion,IR,13,3.00012643137923,3174.260004462194,683.8263629848109,2490.4336414773825,0.274581242236653,791.6775053373727,229.79132850230414,3.445201829404257,3.0001486156869195
Congestion,IR,14,3.0730260986888833,3211.950792663127,674.2962849185456,2537.6545077445817,0.2657163466739399,827.2847009681268,234.77870016163843,3.52367868294085,3.0730260986888833
Congestion,IR,15,3.012760951141658,3173.5942134715824,639.4360539653386,2534.1581595062444,0.25232681376521754,819.1159737395229,227.76807654457633,3.596272077132874,3.012760951141658
Congestion,IR,16,3.0436293635822236,3207.72781462904,649.0753468402678,2558.652467788772,0.25367858863662285,842.6714138895356,221.05461124253125,3.8120508283131636,3.0436293635822236
Congestion,IR,17,3.0687949842165416,3196.5313521723006,661.7809212776433,2534.7504308946573,0.261083266112342,844.8997362183261,217.78640491034614,3.8794879623736716,3.0687972282375733
Congestion,IR,18,3.0917199882358606,3201.2916180727443,654.1924834649174,2547.0991346078267,0.25683824966853613,847.5339006487659,223.00632015146917,3.8004927397264274,3.0917199882358606
Congestion,IR,19,3.042182375184665,3192.415742569973,671.5702644115037,2520.84547815847,0.26640675528517505,829.171379039877,201.88993318621803,4.107046676146408,3.042182375184665
Congestion,IR,20,3.037154852368415,3227.3115262915308,661.5891679418553,2565.7223583496752,0.25785688221051434,828.1086563744676,223.1829992593089,3.710446849100346,3.037192178089726
Congestion,IR,21,3.16161300320473,3305.332299821393,667.4403146942817,2637.891985127111,0.25302033535012997,858.9824409074731,233.66831663607573,3.676075786711325,3.16161300320473
Congestion,IR,22,3.1848494750945893,3325.8315911254967,669.3300246355445,2656.501566489952,0.2519592057007267,887.1510423723191,234.96360966760702,3.775695494410108,3.1848494750945893
Congestion,IR,23,3.126983997580002,3319.1824294922917,655.7784607205667,2663.403968771725,0.24621817358896192,879.2415684359169,236.7366518284082,3.7140069425042386,3.126983997580002
Congestion,IR,24,3.1352630641018515,3294.918543166369,647.8946849971715,2647.0238581691983,0.24476344744594966,868.5150566497925,238.313192213562,3.6444271027660164,3.1352630641018515
