PI,Crest_Time,Decay_Time,Pulse_Width,PW50,Systolic_Width,Diastolic_Width,Delta_T,Upslope,Downslope,DNP,RWI,State,Channel
0.10355386248806162,0.158,0.798,0.956,0.625,0.158,0.798,0.077,1.563246635857905e-05,-5.928063043973567e-06,0.21918784754029738,0.9999999631978911,Normal,Red
0.10189236472790829,0.1645,0.799,0.9635,0.5985,0.1645,0.799,0.0775,1.3964706499753872e-05,-6.002602566663085e-06,0.22046349522600808,0.9999999626017572,Normal,Red
0.11285583157558943,0.259,0.714,0.973,0.5555,0.259,0.714,0.096,1.366581275743118e-05,-5.256416440470573e-06,0.2248904825559245,0.9999999662385652,Normal,Red
0.10668845760814621,0.1725,0.818,0.9905,0.523,0.1725,0.818,0.073,1.588581948445511e-05,-4.0626723350209795e-06,0.09352009145011865,0.9999999642871972,Normal,Red
0.09990946587293413,0.2445,0.676,0.9205,0.5525,0.2445,0.676,0.0565,1.4743985374310689e-05,-6.3281393872238745e-06,0.18809834971050365,0.9999999618680054,Normal,Red
0.10430200650122659,0.1975,0.7915,0.989,0.5125,0.1975,0.7915,0.0,1.3900505561813834e-05,-5.455816501922465e-06,0.0013625984346716173,0.9999999634723774,Normal,Red
0.10994022482625403,0.1495,0.8225,0.972,0.53,0.1495,0.8225,0.0665,1.6216379116044434e-05,-6.450358369584951e-06,0.0013498495174182191,0.9999999653454255,Normal,Red
0.11385435704054586,0.152,0.8015,0.9535,0.534,0.152,0.8015,0.078,1.6809188492683275e-05,-4.140984424991364e-06,0.00011844267189059732,0.9999999665356885,Normal,Red
0.11303827708860004,0.1405,0.8145,0.955,0.575,0.1405,0.8145,0.07,1.8166892520570703e-05,-5.9549383767969655e-06,0.0021752744834164944,0.9999999663002332,Normal,Red
0.10637609834394475,0.2735,0.6405,0.914,0.608,0.2735,0.6405,0.0615,1.4361050225055404e-05,-4.18238427964693e-06,0.6129042239743995,0.9999999641926005,Normal,Red
0.1213311711247441,0.219,0.7795,0.9985,0.4885,0.219,0.7795,0.0,1.600829046841611e-05,-7.420389126945869e-06,0.40051950624674093,0.999999968606175,Normal,Red
0.11641150559742117,0.186,0.716,0.902,0.49,0.186,0.716,0.1015,1.6747150583988862e-05,-5.22792563506058e-06,0.06804490450675664,0.9999999672827459,Normal,Red
0.10724440207177986,0.274,0.685,0.959,0.5635,0.274,0.685,0.027,1.3501364849834011e-05,-7.239078439820912e-06,0.6104832394097349,0.9999999644881113,Normal,Red
0.12423656886658056,0.248,0.7985,1.0465,0.641,0.248,0.7985,0.0,1.5370204882679517e-05,-6.274375903608386e-06,0.0008737775886759685,0.9999999693453214,Normal,Red
0.12942002570031289,0.266,0.712,0.978,0.6035,0.266,0.712,0.0695,1.7682718758937552e-05,-5.523269299660813e-06,0.13670072644090428,0.9999999705709597,Normal,Red
0.1084883935766786,0.2595,0.6905,0.95,0.63,0.2595,0.6905,0.072,1.6197861058561604e-05,-6.262673475729329e-06,0.17996395169110946,0.9999999648914838,Normal,Red
0.12461175259808632,0.1625,0.789,0.9515,0.536,0.1625,0.789,0.0,1.8498493625307227e-05,-5.018752041030332e-06,0.8886981097279298,0.9999999694311569,Normal,Red
0.13162057164460986,0.192,0.796,0.988,0.5435,0.192,0.796,0.113,1.6685897708536095e-05,-5.104684054650676e-06,0.03345003659292344,0.9999999710589642,Normal,Red
0.11698310960317783,0.186,0.747,0.933,0.532,0.186,0.747,0.0,1.4829644497192326e-05,-3.883400701030885e-06,0.08136520573869056,0.9999999674442523,Normal,Red
0.11880360808380218,0.1795,0.812,0.9915,0.587,0.1795,0.812,0.0005,1.5658459096061072e-05,-5.055162810772363e-06,0.0017812952811913363,0.9999999679464582,Normal,Red
0.1143284717298903,0.2715,0.604,0.8755,0.5715,0.2715,0.604,0.0735,1.4134224969089104e-05,-4.6409482801887305e-06,0.09408268365555532,0.9999999666963575,Normal,Red
0.11277750373954792,0.24,0.813,1.053,0.4795,0.24,0.813,0.028,1.788099703647916e-05,-4.077607712874877e-06,0.7652354883314267,0.9999999662327285,Normal,Red
0.11048517222659238,0.2935,0.689,0.9825,0.51,0.2935,0.689,0.0805,1.7211557783479935e-05,-5.641054979284169e-06,0.3511729311930445,0.9999999655366278,Normal,Red
0.10804906522336263,0.1315,0.816,0.9475,0.5015,0.1315,0.816,0.068,1.8355510466539653e-05,-4.2146764524799655e-06,0.908321124983487,0.999999964763091,Normal,Red
0.10057135914255767,0.1565,0.7735,0.93,0.534,0.1565,0.7735,0.075,1.5169204358229222e-05,-5.130267123470533e-06,0.4492139258167675,0.999999962145138,Normal,Red
0.10420594759671087,0.207,0.8035,1.0105,0.514,0.207,0.8035,0.0,1.3400362814155022e-05,-5.458914304348473e-06,0.0001188399821761331,0.999999963464876,Normal,Red
0.11379425379337661,0.2435,0.712,0.9555,0.5585,0.2435,0.712,0.068,1.620539101458414e-05,-4.619575724315096e-06,0.0011772616605716505,0.999999966542701,Normal,Red
0.12214336909279697,0.158,0.791,0.949,0.527,0.158,0.791,0.0735,1.757484141068908e-05,-4.089793408418806e-06,0.04861638027056905,0.9999999688323451,Normal,Red
0.10711328876236544,0.1645,0.805,0.9695,0.581,0.1645,0.805,0.09,1.5308390543236432e-05,-4.560481059556905e-06,0.047000963775962544,0.9999999644625275,Normal,Red
0.10123587590958251,0.232,0.7395,0.9715,0.5655,0.232,0.7395,0.0,1.2308720686416514e-05,-4.933240026749278e-06,0.661911177435835,0.9999999624011462,Normal,Red
0.23988638942271,0.1555,0.805,0.9605,0.545,0.1555,0.805,0.075,2.498662682289931e-05,-3.7328014235130807e-06,0.014606241214879353,0.9999999771212077,Normal,IR
0.24500068670606268,0.162,0.7955,0.9575,0.5185,0.162,0.7955,0.0765,2.4538894013272214e-05,-4.010832975210438e-06,0.005887737205024038,0.9999999775992988,Normal,IR
0.24540315370553578,0.1705,0.7975,0.968,0.5165,0.1705,0.7975,0.0,2.3382694430698018e-05,-4.3290974204549144e-06,0.00020205599745710316,0.9999999776363123,Normal,IR
0.24508017368265156,0.1665,0.803,0.9695,0.5245,0.1665,0.803,0.078,2.3934894782413722e-05,-4.330004129750071e-06,0.02282516210148189,0.9999999776081384,Normal,IR
0.24155610334993233,0.161,0.801,0.962,0.514,0.161,0.801,0.0775,2.4329389801223218e-05,-3.775414037366048e-06,0.001436228650858722,0.9999999772827692,Normal,IR
0.240937043219165,0.1645,0.8005,0.965,0.5215,0.1645,0.8005,0.079,2.3840668271954066e-05,-4.21873580347523e-06,0.001351077224295254,0.9999999772245934,Normal,IR
0.24121992791461622,0.1605,0.802,0.9625,0.5095,0.1605,0.802,0.0775,2.448966507702095e-05,-4.163071196358549e-06,0.018568938827242375,0.9999999772524102,Normal,IR
0.2394826693162442,0.16,0.8005,0.9605,0.5305,0.16,0.8005,0.0805,2.379144228943186e-05,-3.851947924430872e-06,0.0011386809662878806,0.9999999770882216,Normal,IR
0.24283379336930822,0.165,0.8015,0.9665,0.515,0.165,0.8015,0.082,2.4030575890616416e-05,-4.376859186320126e-06,0.0002402213937356244,0.9999999774049795,Normal,IR
0.2467877558920259,0.1645,0.802,0.9665,0.519,0.1645,0.802,0.081,2.4382549402465455e-05,-3.789275963047695e-06,0.010353708944878791,0.9999999777677748,Normal,IR
0.24132943636168083,0.161,0.801,0.962,0.517,0.161,0.801,0.0765,2.457293031681777e-05,-3.890289185361575e-06,0.009888540100406332,0.999999977265795,Normal,IR
0.2388040620750835,0.1625,0.7995,0.962,0.5255,0.1625,0.7995,0.08,2.356467323603095e-05,-4.4395891865743825e-06,0.00010787636064234984,0.999999977026191,Normal,IR
0.24164587866702228,0.1675,0.8,0.9675,0.521,0.1675,0.8,0.081,2.3616566964217937e-05,-3.7316565817730905e-06,0.00033138116210097837,0.9999999772970576,Normal,IR
0.23970906063866568,0.163,0.8005,0.9635,0.52,0.163,0.8005,0.0,2.4266380921096316e-05,-4.179361617277994e-06,0.014501691208775739,0.9999999771138043,Normal,IR
0.24158829224063116,0.162,0.8055,0.9675,0.5165,0.162,0.8055,0.0,2.4201176388941384e-05,-3.5903090967710034e-06,0.00016281083495982962,0.9999999772931385,Normal,IR
0.23914317563996823,0.16,0.8025,0.9625,0.5185,0.16,0.8025,0.0805,2.423797360941735e-05,-4.105868333896366e-06,0.0003351122448060278,0.9999999770609203,Normal,IR
0.24446248493901804,0.163,0.8015,0.9645,0.516,0.163,0.8015,0.081,2.463583703395415e-05,-3.7198206765112415e-06,0.010971596039988277,0.9999999775605669,Normal,IR
0.24051904757887516,0.1625,0.804,0.9665,0.53,0.1625,0.804,0.0795,2.4169229809456938e-05,-3.77494041602219e-06,0.00021687203025134047,0.9999999771930995,Normal,IR
0.24269382424940245,0.163,0.805,0.968,0.5235,0.163,0.805,0.08,2.4294628814123826e-05,-4.548934041460873e-06,0.00028808736759831477,0.9999999773956518,Normal,IR
0.24436163902094754,0.156,0.8085,0.9645,0.5195,0.156,0.8085,0.0,2.525885087558766e-05,-4.667951832846022e-06,0.013385651861780508,0.9999999775483175,Normal,IR
0.2424853781084354,0.159,0.8,0.959,0.503,0.159,0.8,0.078,2.4862720283242833e-05,-4.273439134065324e-06,0.0020990909270512683,0.9999999773718034,Normal,IR
0.23873766386082368,0.1655,0.7995,0.965,0.5245,0.1655,0.7995,0.081,2.3545918482377427e-05,-4.049844986495923e-06,2.825096563919547e-05,0.9999999770102524,Normal,IR
0.24065063411958962,0.167,0.797,0.964,0.5165,0.167,0.797,0.0,2.389783495502975e-05,-4.215144997653871e-06,0.00026146118856014243,0.9999999771923535,Normal,IR
0.24060437370250748,0.162,0.804,0.966,0.5175,0.162,0.804,0.0785,2.4251383256659355e-05,-4.012177852259356e-06,0.0064128339850292315,0.9999999771877843,Normal,IR
0.23962408060177498,0.1645,0.8005,0.965,0.525,0.1645,0.8005,0.0775,2.3856932662826794e-05,-3.7470150706876617e-06,0.0010620464991094568,0.9999999770944241,Normal,IR
0.2388798540144971,0.165,0.796,0.961,0.5135,0.165,0.796,0.0775,2.364634382557001e-05,-4.582019107621563e-06,0.00017275659257025403,0.9999999770233248,Normal,IR
0.2392041728574019,0.1685,0.7955,0.964,0.5195,0.1685,0.7955,0.0815,2.3223741771811676e-05,-4.416044224637224e-06,0.013212846624707128,0.9999999770545147,Normal,IR
0.24120895550745247,0.164,0.797,0.961,0.5175,0.164,0.797,0.081,2.383379792163286e-05,-4.376629361235165e-06,0.00021789337373594197,0.9999999772456416,Normal,IR
0.23555422501306855,0.1705,0.802,0.9725,0.5515,0.1705,0.802,0.081,2.2873746923574283e-05,-3.8540440185541765e-06,0.007917484691737057,0.9999999766994945,Normal,IR
0.2279385118415851,0.157,0.807,0.964,0.5775,0.157,0.807,0.0,2.3383638570906307e-05,-3.4031104813408942e-06,0.1586783731950943,0.999999975921685,Normal,IR
0.07434591009700818,0.1635,0.819,0.9825,0.612,0.1635,0.819,0.09,1.0728616764896421e-05,-2.744458239824774e-06,0.8784309745320655,0.9999999489859359,Ischaemia,Red
0.06469328858801096,0.2305,0.768,0.9985,0.7105,0.2305,0.768,0.0,8.739829748309895e-06,-5.096367191756391e-06,0.0007825562855402363,0.999999941373648,Ischaemia,Red
0.07464453661420675,0.1385,0.8215,0.96,0.6465,0.1385,0.8215,0.0555,1.2320411272793942e-05,-5.66563897737437e-06,0.37354197159464697,0.999999949193617,Ischaemia,Red
0.07318885849635043,0.2665,0.731,0.9975,0.475,0.2665,0.731,0.0605,8.1459272172447e-06,-5.220296625961431e-06,0.7333019226164548,0.9999999481806925,Ischaemia,Red
0.06211326854635875,0.1465,0.718,0.8645,0.531,0.1465,0.718,0.0645,9.784343717082777e-06,-5.599944118474059e-06,0.02030552552776187,0.9999999389442942,Ischaemia,Red
0.06498581592206981,0.2585,0.8215,1.08,0.582,0.2585,0.8215,0.0285,1.0393838050907892e-05,-5.484908469625797e-06,0.0037099889464390187,0.9999999416434864,Ischaemia,Red
0.0651713838082579,0.1275,0.7515,0.879,0.5485,0.1275,0.7515,0.06,1.08796531427687e-05,-4.4714827831083366e-06,0.0015764412884136,0.9999999418133183,Ischaemia,Red
0.06734323465229346,0.2405,0.8315,1.072,0.5905,0.2405,0.8315,0.035,9.991801019792372e-06,-6.096911436805617e-06,0.037064076051377896,0.9999999436879043,Ischaemia,Red
0.06987273912516577,0.23,0.7145,0.9445,0.4225,0.23,0.7145,0.0535,1.0574753807237507e-05,-4.061782140066554e-06,0.8253916847248384,0.9999999457261424,Ischaemia,Red
0.07239696257139733,0.232,0.779,1.011,0.5315,0.232,0.779,0.0565,8.200055447294525e-06,-4.640891261912562e-06,0.06175519228829961,0.9999999476219958,Ischaemia,Red
0.06695978012613597,0.1235,0.8475,0.971,0.6175,0.1235,0.8475,0.0615,1.1269668930051382e-05,-5.287205485781906e-06,0.5436734976195138,0.9999999433674992,Ischaemia,Red
0.07396058957955438,0.1415,0.841,0.9825,0.524,0.1415,0.841,0.076,1.1601358713986439e-05,-5.357135304422122e-06,0.10882401711976913,0.9999999487383561,Ischaemia,Red
0.06017764629452015,0.266,0.5985,0.8645,0.6275,0.266,0.5985,0.0655,7.950289287019636e-06,-3.867860415543564e-06,0.010117966667347501,0.9999999369997721,Ischaemia,Red
0.0637017998516994,0.284,0.7035,0.9875,0.5205,0.284,0.7035,0.014,8.39282065439261e-06,-3.236608853205531e-06,0.8982973046782832,0.999999940484498,Ischaemia,Red
0.0701115428607085,0.2275,0.8595,1.087,0.54,0.2275,0.8595,0.0105,1.1346886988656971e-05,-3.905684592228945e-06,0.04454311329295621,0.9999999459224951,Ischaemia,Red
0.06215575938692244,0.2175,0.7365,0.954,0.726,0.2175,0.7365,0.0535,8.987837044898577e-06,-4.533731874342413e-06,0.2861820173097124,0.9999999390005248,Ischaemia,Red
0.06591224333700718,0.369,0.5925,0.9615,0.5405,0.369,0.5925,0.0715,8.059363764198707e-06,-3.559580575285314e-06,0.00471097825810113,0.9999999424797681,Ischaemia,Red
0.06517628593422059,0.2525,0.749,1.0015,0.5935,0.2525,0.749,0.0675,8.065570131134386e-06,-5.143008205572548e-06,0.11152788289060608,0.9999999418209827,Ischaemia,Red
0.07191455413564439,0.138,0.85,0.988,0.567,0.138,0.85,0.072,1.1401851440610367e-05,-4.0373408433515105e-06,0.003745250373846336,0.9999999472819053,Ischaemia,Red
0.0703428101455003,0.273,0.583,0.856,0.531,0.273,0.583,0.057,1.285267379313971e-05,-5.1200424610821815e-06,0.5461840863900828,0.999999946105315,Ischaemia,Red
0.06263936351698073,0.2455,0.8435,1.089,0.609,0.2455,0.8435,0.0155,8.249356221573718e-06,-5.582281194012263e-06,0.05702340112875088,0.9999999394692569,Ischaemia,Red
0.0609780751453672,0.199,0.7655,0.9645,0.648,0.199,0.7655,0.053,7.362473974347741e-06,-4.8854034257042925e-06,0.0012392165043500773,0.9999999378214138,Ischaemia,Red
0.0641705366013973,0.1275,0.82,0.9475,0.509,0.1275,0.82,0.0655,1.0860141741446394e-05,-3.580769859069712e-06,0.8315151102190113,0.9999999409193888,Ischaemia,Red
0.06269909271679461,0.197,0.823,1.02,0.5185,0.197,0.823,0.061,6.358763944605745e-06,-5.4342562331476715e-06,0.4075407239951847,0.9999999395368269,Ischaemia,Red
0.06600624400924486,0.2385,0.725,0.9635,0.4835,0.2385,0.725,0.0655,1.0408269272455949e-05,-3.871045591214713e-06,0.1922913020785291,0.9999999425638031,Ischaemia,Red
0.06743551538079766,0.163,0.8,0.963,0.7005,0.163,0.8,0.0,7.406649357127263e-06,-5.90039464046612e-06,0.3816663851621301,0.9999999437863132,Ischaemia,Red
0.06512628680020835,0.194,0.7855,0.9795,0.5485,0.194,0.7855,0.067,9.628233617920714e-06,-4.544212428361837e-06,0.21741934717492012,0.9999999417952221,Ischaemia,Red
0.05908034339626992,0.256,0.7555,1.0115,0.6765,0.256,0.7555,0.0725,8.943446223590818e-06,-4.844135289869419e-06,0.3636951328191094,0.9999999358418066,Ischaemia,Red
0.06734764679687147,0.2735,0.678,0.9515,0.532,0.2735,0.678,0.0605,1.0625181748257612e-05,-4.585811392328147e-06,0.6295112049325865,0.9999999437111765,Ischaemia,Red
0.06270692297176995,0.1325,0.6935,0.826,0.7045,0.1325,0.6935,0.0005,1.1025482286403641e-05,-4.394619110151016e-06,0.3543809573219301,0.9999999395443419,Ischaemia,Red
0.1498767914234695,0.143,0.8225,0.9655,0.565,0.143,0.8225,0.0655,1.6860155845516882e-05,-2.7862309180631643e-06,0.029512788409959193,0.9999999635292844,Ischaemia,IR
0.15207781179995167,0.1585,0.817,0.9755,0.5305,0.1585,0.817,0.0,1.577401780879326e-05,-3.006711953261812e-06,0.022908070468433385,0.9999999640580706,Ischaemia,IR
0.15154413019421348,0.1605,0.8205,0.981,0.5425,0.1605,0.8205,0.0735,1.5568385932080223e-05,-3.1707268483846334e-06,0.0007282593817304796,0.999999963933029,Ischaemia,IR
0.15495431586538647,0.1495,0.825,0.9745,0.5365,0.1495,0.825,0.0,1.6817524718187545e-05,-2.826795358560957e-06,0.0005690031291149253,0.9999999647283067,Ischaemia,IR
0.15309569949999338,0.1535,0.8245,0.978,0.519,0.1535,0.8245,0.0005,1.640832155606149e-05,-3.249275308651455e-06,0.007334266590958055,0.9999999643007607,Ischaemia,IR
0.15517176643616484,0.1475,0.8255,0.973,0.5375,0.1475,0.8255,0.073,1.7068404434881167e-05,-2.8026732534456873e-06,0.004389335320957029,0.9999999647799516,Ischaemia,IR
0.15686322178352877,0.154,0.8255,0.9795,0.5385,0.154,0.8255,0.078,1.64564792384177e-05,-3.0430131171424544e-06,0.0015230335162406859,0.999999965160769,Ischaemia,IR
0.15553627855047075,0.1445,0.834,0.9785,0.542,0.1445,0.834,0.0,1.7358240671383842e-05,-2.8782979853414752e-06,0.00038230782223151456,0.9999999648651521,Ischaemia,IR
0.15544676346940406,0.1435,0.8285,0.972,0.5335,0.1435,0.8285,0.0,1.7513760601954066e-05,-3.3125682066742487e-06,0.023763558511170155,0.9999999648464392,Ischaemia,IR
0.15320209984978272,0.15,0.8225,0.9725,0.546,0.15,0.8225,0.073,1.647436391646938e-05,-2.815295264186452e-06,0.0006758700447812838,0.9999999643321071,Ischaemia,IR
0.1537052869358921,0.152,0.8225,0.9745,0.5395,0.152,0.8225,0.0,1.6576525177226494e-05,-2.914809084813598e-06,4.6771145490508785e-06,0.9999999644506902,Ischaemia,IR
0.15196915113101794,0.155,0.8255,0.9805,0.5335,0.155,0.8255,0.0715,1.634268566848621e-05,-3.045814044429706e-06,0.0017653696600104206,0.9999999640458744,Ischaemia,IR
0.15230256642945916,0.1455,0.8255,0.971,0.5295,0.1455,0.8255,0.0685,1.705465703647521e-05,-2.7506363479044366e-06,0.02420054684027383,0.9999999641259221,Ischaemia,IR
0.15476641783367756,0.1545,0.8185,0.973,0.5405,0.1545,0.8185,0.0,1.6061270000345155e-05,-3.044804400260221e-06,0.0004830608542255343,0.9999999646976431,Ischaemia,IR
0.1552155685614029,0.1495,0.8285,0.978,0.539,0.1495,0.8285,0.0,1.680829920141678e-05,-2.9663042720258406e-06,0.02864307022725875,0.999999964801076,Ischaemia,IR
0.14877871331155756,0.1495,0.8255,0.975,0.5325,0.1495,0.8255,0.074,1.6284598253588035e-05,-2.9625441520054812e-06,0.007943978675025365,0.999999963279487,Ischaemia,IR
0.15320539210483208,0.157,0.818,0.975,0.5435,0.157,0.818,0.0,1.59489658939461e-05,-2.828080008118912e-06,0.00032236253602610813,0.9999999643422447,Ischaemia,IR
0.15591861185073883,0.1555,0.82,0.9755,0.544,0.1555,0.82,0.0735,1.640777035194843e-05,-2.6496091726334466e-06,0.015717922355410682,0.999999964964086,Ischaemia,IR
0.15203192662848214,0.157,0.8225,0.9795,0.541,0.157,0.8225,0.0,1.5906700759123356e-05,-2.8424336785158122e-06,6.9696793061552896e-06,0.9999999640692507,Ischaemia,IR
0.1539673588537301,0.1495,0.8315,0.981,0.539,0.1495,0.8315,0.0715,1.673742108850441e-05,-2.7250909784363444e-06,0.027735779687530254,0.9999999645222328,Ischaemia,IR
0.15081857554591904,0.147,0.8315,0.9785,0.5345,0.147,0.8315,0.0715,1.6427430777087894e-05,-2.973628244726939e-06,3.755954265617962e-05,0.9999999637822438,Ischaemia,IR
0.15456550321742674,0.1485,0.82,0.9685,0.526,0.1485,0.82,0.0715,1.6738410569703535e-05,-2.599881645421213e-06,0.005210238012453111,0.9999999646618775,Ischaemia,IR
0.1481109733726844,0.155,0.824,0.979,0.549,0.155,0.824,0.0765,1.5721769548616678e-05,-2.705510347459695e-06,0.006169880921368771,0.9999999631226472,Ischaemia,IR
0.1529199267880105,0.1585,0.8265,0.985,0.5265,0.1585,0.8265,0.0005,1.6090683480459583e-05,-2.4101879919781032e-06,0.00010148587388429165,0.9999999642832121,Ischaemia,IR
0.15143605868072568,0.148,0.822,0.97,0.529,0.148,0.822,0.0,1.6638594349535976e-05,-2.3401411961405352e-06,0.0004418989133909122,0.9999999639345212,Ischaemia,IR
0.15117623403745234,0.16,0.819,0.979,0.5325,0.16,0.819,0.077,1.5726813213142528e-05,-2.7574645599037708e-06,0.012056663116957585,0.9999999638733744,Ischaemia,IR
0.15239183176607426,0.1545,0.827,0.9815,0.533,0.1545,0.827,0.0,1.5912371704980685e-05,-2.63271594697198e-06,6.177909502805223e-06,0.9999999641629687,Ischaemia,IR
0.15018868492559884,0.148,0.8245,0.9725,0.551,0.148,0.8245,0.0665,1.6483879418690726e-05,-3.077253283055429e-06,0.011290068676934769,0.9999999636388774,Ischaemia,IR
0.1470507052782354,0.15,0.827,0.977,0.578,0.15,0.827,0.0705,1.5929950487813703e-05,-2.3621943837147472e-06,0.06991121933250244,0.999999962863865,Ischaemia,IR
0.13691456583554662,0.1405,0.84,0.9805,0.866,0.1405,0.84,0.0,1.5551406063722944e-05,-3.154225937226072e-06,0.456052627593171,0.9999999601159377,Ischaemia,IR
0.10582910888945432,0.25,0.632,0.882,0.5565,0.25,0.632,0.064,1.3806662621475372e-05,-4.526971538989372e-06,0.883130873908253,0.999999963486668,Congestion,Red
0.1108758788578265,0.2435,0.7625,1.006,0.542,0.2435,0.7625,0.019,1.4440732259243588e-05,-4.462691873112186e-06,0.4315947889289813,0.9999999651478924,Congestion,Red
0.11815632457648885,0.177,0.809,0.986,0.5755,0.177,0.809,0.1,1.4727674005838198e-05,-6.596944116232014e-06,0.0002200423069567299,0.9999999672998441,Congestion,Red
0.10684272420292858,0.2395,0.7275,0.967,0.6065,0.2395,0.7275,0.0625,1.6353673993547047e-05,-4.312975490491249e-06,0.16291823419917312,0.9999999638421924,Congestion,Red
0.11282804248044873,0.153,0.8025,0.9555,0.5315,0.153,0.8025,0.0775,1.583737182500654e-05,-7.005139117645821e-06,0.05411673633292898,0.999999965759083,Congestion,Red
0.11655711191406115,0.1505,0.781,0.9315,0.5315,0.1505,0.781,0.0765,1.714520456056086e-05,-6.129328883037891e-06,0.4298149488435296,0.9999999668568115,Congestion,Red
0.11399759329125997,0.1805,0.744,0.9245,0.5685,0.1805,0.744,0.094,1.4544844814881586e-05,-4.545620061487159e-06,0.8795896984877011,0.9999999661148884,Congestion,Red
0.11443204580479356,0.3255,0.693,1.0185,0.509,0.3255,0.693,0.0005,1.4828427447653161e-05,-5.990270047283053e-06,0.0030763125744503526,0.9999999662454276,Congestion,Red
0.10714060972765137,0.151,0.8095,0.9605,0.5345,0.151,0.8095,0.074,1.6206763467515933e-05,-5.114858125533487e-06,0.058814221998391564,0.9999999639552282,Congestion,Red
0.09785663326244894,0.176,0.7975,0.9735,0.6015,0.176,0.7975,0.0945,1.180710326510704e-05,-4.266081756271569e-06,0.0031822281457099294,0.9999999605378106,Congestion,Red
0.10238404006284157,0.141,0.7455,0.8865,0.592,0.141,0.7455,0.073,1.667911222579942e-05,-4.682638261881383e-06,0.01935319095323656,0.9999999622868286,Congestion,Red
0.11379453008520156,0.2185,0.8035,1.022,0.6145,0.2185,0.8035,0.03,1.4019221827665925e-05,-6.855051341319706e-06,0.8385942171914417,0.999999966074505,Congestion,Red
0.11829288893685554,0.2045,0.717,0.9215,0.645,0.2045,0.717,0.083,1.525377386091915e-05,-5.7176715519661895e-06,0.010762943200484753,0.9999999673679836,Congestion,Red
0.1252427725631538,0.2135,0.7885,1.002,0.666,0.2135,0.7885,0.122,1.3446379020362262e-05,-7.2491052089651e-06,0.000532847622906528,0.9999999691793536,Congestion,Red
0.12090599364213953,0.2775,0.6955,0.973,0.5625,0.2775,0.6955,0.0715,1.6809791285762616e-05,-4.058369189409466e-06,0.9077372296377747,0.9999999680743896,Congestion,Red
0.10822196257213564,0.1715,0.785,0.9565,0.5035,0.1715,0.785,0.076,1.4778555979991117e-05,-5.3520203250917876e-06,0.00012717791372437792,0.9999999643322183,Congestion,Red
0.1050553465165671,0.147,0.784,0.931,0.5725,0.147,0.784,0.0695,1.6391685427818276e-05,-3.7227102685629342e-06,0.6203688391651282,0.9999999632609723,Congestion,Red
0.09875650373125751,0.1885,0.805,0.9935,0.5145,0.1885,0.805,0.0925,1.2680304827384411e-05,-8.28197297972466e-06,0.40201335250336667,0.9999999609159528,Congestion,Red
0.1035151757644572,0.257,0.66,0.917,0.4965,0.257,0.66,0.078,1.383374011446135e-05,-4.7705810460943465e-06,0.3930083752845668,0.999999962721255,Congestion,Red
0.10163039511571356,0.193,0.79,0.983,0.5265,0.193,0.79,0.1105,1.2518965705243953e-05,-7.039222411519077e-06,0.30914494084424843,0.999999962032886,Congestion,Red
0.09252274888390317,0.1575,0.828,0.9855,0.6605,0.1575,0.828,0.073,1.2018507600952081e-05,-5.725311164370302e-06,0.00018425055770647503,0.9999999582984055,Congestion,Red
0.10242959528257742,0.1455,0.813,0.9585,0.538,0.1455,0.813,0.071,1.6452338056919722e-05,-5.71487874736351e-06,0.02911915847134409,0.9999999623350658,Congestion,Red
0.09802532572064213,0.137,0.818,0.955,0.5545,0.137,0.818,0.065,1.5875313439865147e-05,-4.345736863510069e-06,0.0006089281772283408,0.999999960646622,Congestion,Red
0.10324725610732403,0.2755,0.629,0.9045,0.5165,0.2755,0.629,0.0725,1.50344443083575e-05,-4.381899497035149e-06,0.07112123757503874,0.9999999626402742,Congestion,Red
0.10325983275025177,0.2165,0.81,1.0265,0.483,0.2165,0.81,0.0125,1.5309166769980663e-05,-5.238719539526072e-06,0.00031424722378786983,0.999999962644269,Congestion,Red
0.10278076632748229,0.165,0.785,0.95,0.5215,0.165,0.785,0.0685,1.5833628198785128e-05,-3.491144332816692e-06,0.04563388336484835,0.9999999624740387,Congestion,Red
0.1000632055891816,0.231,0.7155,0.9465,0.5115,0.231,0.7155,0.0835,1.2475071173875785e-05,-4.154780032653894e-06,9.447529952856819e-05,0.9999999614580387,Congestion,Red
0.09830633220949916,0.169,0.7915,0.9605,0.598,0.169,0.7915,0.083,1.2962315554292483e-05,-4.533984343150642e-06,0.7776878440424136,0.9999999607697589,Congestion,Red
0.10067561655649822,0.2915,0.6805,0.972,0.482,0.2915,0.6805,0.087,1.1997145555273374e-05,-6.3882556899460706e-06,0.5359314448960744,0.9999999616964649,Congestion,Red
0.09499589294153714,0.149,0.7695,0.9185,0.545,0.149,0.7695,0.0745,1.4823245793682679e-05,-3.5964273970178666e-06,0.5120177736248781,0.9999999594080337,Congestion,Red
0.08887927525659765,0.191,0.565,0.756,0.527,0.191,0.565,0.0,1.2623385666250472e-05,-3.629543701900561e-06,0.45959570784900955,0.9999999566227875,Congestion,Red
0.128837014313761,0.1635,0.7905,0.954,0.5805,0.1635,0.7905,0.074,1.2278504766832614e-05,-2.829661557255574e-06,0.00031141234511126975,0.999999956071942,Congestion,IR
0.14214550349174304,0.2355,0.7215,0.957,0.542,0.2355,0.7215,0.0,1.2666489984500717e-05,-3.1135890032307463e-06,0.006883169768365896,0.9999999601845476,Congestion,IR
0.1440043210661258,0.177,0.79,0.967,0.5355,0.177,0.79,0.0005,1.3183416290340252e-05,-2.8707895585182886e-06,1.8002347176068383e-07,0.9999999606983693,Congestion,IR
0.1480550350282323,0.1795,0.775,0.9545,0.528,0.1795,0.775,0.0,1.3595754846030118e-05,-2.904984875288716e-06,0.005566748742752888,0.9999999617739954,Congestion,IR
0.14414078881825604,0.2805,0.679,0.9595,0.536,0.2805,0.679,0.0,1.3356968823503802e-05,-2.9372089172788243e-06,0.007407367752068059,0.9999999607358265,Congestion,IR
0.14418260177734873,0.1765,0.7815,0.958,0.5415,0.1765,0.7815,0.0,1.3514570425344824e-05,-2.8329024740611692e-06,0.001354934987865354,0.9999999607477761,Congestion,IR
0.14844949270204716,0.188,0.7815,0.9695,0.5435,0.188,0.7815,0.0005,1.323249741422229e-05,-3.248221583835014e-06,0.00041340618851742656,0.9999999618760222,Congestion,IR
0.15028007319539374,0.1755,0.783,0.9585,0.529,0.1755,0.783,0.0,1.3913998709800786e-05,-2.9142827886932524e-06,0.0012112403144002826,0.9999999623415015,Congestion,IR
0.14850950496560647,0.168,0.795,0.963,0.526,0.168,0.795,0.0785,1.4158057557096143e-05,-3.0048429890332067e-06,0.02018146161461043,0.9999999618937407,Congestion,IR
0.14475259423181377,0.1755,0.783,0.9585,0.5275,0.1755,0.783,0.0,1.3757188361510184e-05,-2.94713933536334e-06,0.008089082863129728,0.9999999609059526,Congestion,IR
0.1479408830294237,0.171,0.789,0.96,0.5305,0.171,0.789,0.0005,1.3724255156638446e-05,-2.8308141386041872e-06,2.855931862222862e-05,0.9999999617497705,Congestion,IR
0.14974101284629368,0.168,0.792,0.96,0.534,0.168,0.792,0.0005,1.450126597827726e-05,-2.9484604030573868e-06,0.0021560010072991715,0.999999962209798,Congestion,IR
0.14966097421478786,0.175,0.7845,0.9595,0.5435,0.175,0.7845,0.0815,1.3899999640792611e-05,-2.8807889061128805e-06,0.0,0.9999999621902949,Congestion,IR
0.1487228283959557,0.2745,0.6925,0.967,0.537,0.2745,0.6925,0.0005,1.3809031274739352e-05,-3.2321301671283634e-06,0.007737600564252431,0.9999999619531458,Congestion,IR
0.15110224704418126,0.1735,0.7815,0.955,0.5185,0.1735,0.7815,0.0005,1.4310816192429523e-05,-3.451416378405148e-06,0.0012523968890014898,0.9999999625529356,Congestion,IR
0.15275515275550802,0.2455,0.715,0.9605,0.5475,0.2455,0.715,0.0,1.3631696591851535e-05,-3.0667157570926206e-06,1.4637169647520364e-05,0.999999962959597,Congestion,IR
0.15507615693528373,0.1845,0.7785,0.963,0.5195,0.1845,0.7785,0.0005,1.4199854443093106e-05,-3.180619811041257e-06,0.02085794620660571,0.9999999635161061,Congestion,IR
0.15358507982276717,0.1705,0.79,0.9605,0.5235,0.1705,0.79,0.0,1.4318861490805702e-05,-3.2168805967098407e-06,5.606048175870419e-06,0.9999999631622374,Congestion,IR
0.15413814826901068,0.17,0.7935,0.9635,0.527,0.17,0.7935,0.0005,1.4559830168243753e-05,-3.2339524345760323e-06,0.004617326222515051,0.9999999632955637,Congestion,IR
0.15354365866310352,0.1735,0.7885,0.962,0.529,0.1735,0.7885,0.0,1.4696115423518748e-05,-3.093989459283732e-06,0.0030657488117463564,0.9999999631542582,Congestion,IR
0.15520567370525581,0.1695,0.7865,0.956,0.515,0.1695,0.7865,0.079,1.4928306099332178e-05,-3.5547628272688544e-06,1.7071492029072884e-05,0.9999999635503443,Congestion,IR
0.15264864739503842,0.1745,0.79,0.9645,0.5385,0.1745,0.79,0.0005,1.4350521328211825e-05,-2.987494721455361e-06,0.0,0.9999999629417111,Congestion,IR
0.15283503997737657,0.2695,0.6875,0.957,0.537,0.2695,0.6875,0.0,1.4827114478663988e-05,-3.035264876452234e-06,0.0,0.9999999629881909,Congestion,IR
0.16333483530443607,0.1705,0.794,0.9645,0.5375,0.1705,0.794,0.0005,1.5349233313938703e-05,-2.7773813142509035e-06,5.693070040645966e-05,0.9999999653686072,Congestion,IR
0.16253835521715373,0.1745,0.7875,0.962,0.5345,0.1745,0.7875,0.0,1.5107694315300664e-05,-3.141478586078966e-06,0.01388467825745253,0.9999999652002729,Congestion,IR
0.1584149859889577,0.1625,0.7975,0.96,0.5285,0.1625,0.7975,0.0,1.558891580409757e-05,-3.4456939252968408e-06,0.0017538818421505824,0.9999999642956903,Congestion,IR
0.15942014233503657,0.1695,0.7875,0.957,0.526,0.1695,0.7875,0.0,1.5127594383135571e-05,-3.6921683410330294e-06,0.007009870098825794,0.9999999645225878,Congestion,IR
0.1606224213270971,0.172,0.789,0.961,0.533,0.172,0.789,0.0865,1.5161147343545323e-05,-3.3012254938383787e-06,0.00017699188420764445,0.9999999647900902,Congestion,IR
0.1602842656678778,0.177,0.785,0.962,0.5505,0.177,0.785,0.0,1.452978982707223e-05,-3.003821721810941e-06,0.000683563252476399,0.999999964716998,Congestion,IR
0.15540205997121198,0.161,0.798,0.959,0.584,0.161,0.798,0.0005,1.5405384777512823e-05,-2.8907778562785693e-06,0.09619816344584829,0.9999999636102954,Congestion,IR
0.1414531866431051,0.155,0.494,0.649,0.408,0.155,0.494,0.078,1.443865197886605e-05,-3.792877103443173e-06,0.9262245078724356,0.9999999600367525,Congestion,IR
