Channel,Depth,Feature,Pair,AUC_bootstrap_mean,CI_lower,CI_upper,n_samples
Red,3,Upslope_norm,Normal vs Ischaemia,0.39256678290943525,0.2710923687656881,0.534014463241437,89
Red,3,Upslope_norm,Normal vs Congestion,0.513393094468013,0.37744872416020675,0.6314516129032258,75
Red,3,Upslope_norm,Ischaemia vs Congestion,0.633707503151675,0.5363684790899745,0.739529866332498,92
Red,3,Downslope_norm,Normal vs Ischaemia,0.6670964716535237,0.5502324263038548,0.7870506409595491,89
Red,3,Downslope_norm,Normal vs Congestion,0.6427848924189681,0.49709899330940494,0.7661862402132268,75
Red,3,Downslope_norm,Ischaemia vs Congestion,0.32970327154029805,0.20875451635395542,0.45012844611528824,92
Red,3,UpslopeLength_norm,Normal vs Ischaemia,0.11056336103608735,0.0377953822806764,0.1924189873204857,89
Red,3,UpslopeLength_norm,Normal vs Congestion,0.4334749527990389,0.3145620832661035,0.565692584149505,75
Red,3,UpslopeLength_norm,Ischaemia vs Congestion,0.9443266813544574,0.8923110119047619,0.9824608098196139,92
Red,3,DownslopeLength_norm,Normal vs Ischaemia,0.17305396596272515,0.08982620320855617,0.25828463203463214,89
Red,3,DownslopeLength_norm,Normal vs Congestion,0.3960963435298595,0.2782754733154442,0.5298873546511628,75
Red,3,DownslopeLength_norm,Ischaemia vs Congestion,0.8488196783123447,0.7524739025920609,0.9419734621874521,92
Red,3,Slope_Ratio,Normal vs Ischaemia,0.472592599890755,0.36383838383838385,0.5894462719298246,89
Red,3,Slope_Ratio,Normal vs Congestion,0.5280242051363391,0.3865390384721352,0.6779922438672439,75
Red,3,Slope_Ratio,Ischaemia vs Congestion,0.5579490037310522,0.4370037071846282,0.6751975068659272,92
Red,3,Length_Height_Ratio,Normal vs Ischaemia,0.19884771361253853,0.10566141289051507,0.28781694495980215,89
Red,3,Length_Height_Ratio,Normal vs Congestion,0.44146679209928086,0.3076850136410607,0.5793978146525267,75
Red,3,Length_Height_Ratio,Ischaemia vs Congestion,0.8520903262357478,0.7587946856093757,0.9284436962515683,92
Red,3,SlopeLength_Ratio,Normal vs Ischaemia,0.5286220828699923,0.41173245614035087,0.6391868686868687,89
Red,3,SlopeLength_Ratio,Normal vs Congestion,0.47332279765432156,0.3227222222222222,0.6156507151659003,75
Red,3,SlopeLength_Ratio,Ischaemia vs Congestion,0.43952015581735976,0.32150060634162,0.560515481411863,92
Red,9,Upslope_norm,Normal vs Ischaemia,0.6144611903614842,0.49812529458898946,0.7118412368881119,116
Red,9,Upslope_norm,Normal vs Congestion,0.4862489009130721,0.38784943568511787,0.5718181209216,122
Red,9,Upslope_norm,Ischaemia vs Congestion,0.3725480735529662,0.28794933168841386,0.47802564606515074,118
Red,9,Downslope_norm,Normal vs Ischaemia,0.47227958382146695,0.371854771196003,0.5792256351465317,116
Red,9,Downslope_norm,Normal vs Congestion,0.5180710783253177,0.41157979809437384,0.6159770351563394,122
Red,9,Downslope_norm,Ischaemia vs Congestion,0.5453898068635001,0.418449326211423,0.6493646644236267,118
Red,9,UpslopeLength_norm,Normal vs Ischaemia,0.24281978916553143,0.15922388266129767,0.3322541972763949,116
Red,9,UpslopeLength_norm,Normal vs Congestion,0.5829125866632117,0.48850279846499806,0.6695439030821517,122
Red,9,UpslopeLength_norm,Ischaemia vs Congestion,0.8162475694831857,0.7428343972398782,0.8929442959001783,118
Red,9,DownslopeLength_norm,Normal vs Ischaemia,0.4059928223219035,0.3107149885700562,0.5035342274166309,116
Red,9,DownslopeLength_norm,Normal vs Congestion,0.5312289407554416,0.4317326789472852,0.6305570688727469,122
Red,9,DownslopeLength_norm,Ischaemia vs Congestion,0.6265634633734887,0.5356245668745668,0.7355845551025947,118
Red,9,Slope_Ratio,Normal vs Ischaemia,0.5718801419911411,0.4732117293927499,0.6694597676269437,116
Red,9,Slope_Ratio,Normal vs Congestion,0.4805823738156729,0.372980190589468,0.5804925805740438,122
Red,9,Slope_Ratio,Ischaemia vs Congestion,0.4249726802363536,0.32176254627725215,0.5457966743643101,118
Red,9,Length_Height_Ratio,Normal vs Ischaemia,0.29321493019372213,0.1930191280286678,0.3966353827452607,116
Red,9,Length_Height_Ratio,Normal vs Congestion,0.5283724646958021,0.4398364135864136,0.6245944119437442,122
Red,9,Length_Height_Ratio,Ischaemia vs Congestion,0.7262792092333582,0.6513846396658897,0.805349679394149,118
Red,9,SlopeLength_Ratio,Normal vs Ischaemia,0.4281198580088589,0.33054023237305624,0.52678827060725,116
Red,9,SlopeLength_Ratio,Normal vs Congestion,0.5194176261843271,0.41950741942595604,0.627019809410532,122
Red,9,SlopeLength_Ratio,Ischaemia vs Congestion,0.5750273197636464,0.45420332563568994,0.6782374537227478,118
Red,15,Upslope_norm,Normal vs Ischaemia,0.5054167911443347,0.3916612710528051,0.599389400921659,132
Red,15,Upslope_norm,Normal vs Congestion,0.5040677471346122,0.39518575866626887,0.606556713523831,130
Red,15,Upslope_norm,Ischaemia vs Congestion,0.48853648562538704,0.3889300401541488,0.5983102062876469,132
Red,15,Downslope_norm,Normal vs Ischaemia,0.45618255188140316,0.358367839889579,0.5459512307338394,132
Red,15,Downslope_norm,Normal vs Congestion,0.4368655546919953,0.3435218896987144,0.5352584711303876,130
Red,15,Downslope_norm,Ischaemia vs Congestion,0.49446652974687083,0.4064249512670565,0.6015107996323531,132
Red,15,UpslopeLength_norm,Normal vs Ischaemia,0.3983979477177288,0.2994638856886841,0.5074630299159826,132
Red,15,UpslopeLength_norm,Normal vs Congestion,0.4853806643311687,0.3767690823327616,0.5818606311312668,130
Red,15,UpslopeLength_norm,Ischaemia vs Congestion,0.5870680313625679,0.4882736508359675,0.6793249938584305,132
Red,15,DownslopeLength_norm,Normal vs Ischaemia,0.47108512621691045,0.3754234182593867,0.5621746375359356,132
Red,15,DownslopeLength_norm,Normal vs Congestion,0.5317232350925211,0.436614939637827,0.6202434948675102,130
Red,15,DownslopeLength_norm,Ischaemia vs Congestion,0.5562463027373793,0.4522963394294916,0.6474634316229395,132
Red,15,Slope_Ratio,Normal vs Ischaemia,0.5107851597853217,0.4104568292370711,0.6051312677467292,132
Red,15,Slope_Ratio,Normal vs Congestion,0.5185045883222376,0.4146810069930326,0.6155384787582141,130
Red,15,Slope_Ratio,Ischaemia vs Congestion,0.498287167840498,0.4089314228489903,0.6051092971408606,132
Red,15,Length_Height_Ratio,Normal vs Ischaemia,0.32484828304990493,0.23972763217992257,0.42098573729008515,132
Red,15,Length_Height_Ratio,Normal vs Congestion,0.4939154820152099,0.3955187728937729,0.6006385943405759,130
Red,15,Length_Height_Ratio,Ischaemia vs Congestion,0.6496056950365778,0.5538163676462222,0.745205097570689,132
Red,15,SlopeLength_Ratio,Normal vs Ischaemia,0.4892148402146783,0.39486873225327074,0.589543170762929,132
Red,15,SlopeLength_Ratio,Normal vs Congestion,0.4814954116777625,0.38446152124178595,0.5853189930069674,130
Red,15,SlopeLength_Ratio,Ischaemia vs Congestion,0.501712832159502,0.3948907028591395,0.5910685771510097,132
Red,21,Upslope_norm,Normal vs Ischaemia,0.5373889531623901,0.43152708355179603,0.6360555011346082,130
Red,21,Upslope_norm,Normal vs Congestion,0.5090979184034022,0.4118113739139724,0.6098812716634799,124
Red,21,Upslope_norm,Ischaemia vs Congestion,0.47410898397084933,0.3642808578251682,0.5789413858986621,130
Red,21,Downslope_norm,Normal vs Ischaemia,0.33294589289167137,0.22106531260884713,0.4343001163614775,130
Red,21,Downslope_norm,Normal vs Congestion,0.4086448634058607,0.3162917555865183,0.49830120349421825,124
Red,21,Downslope_norm,Ischaemia vs Congestion,0.5895393498373707,0.48707519061276155,0.6930170575692964,130
Red,21,UpslopeLength_norm,Normal vs Ischaemia,0.43659996507833043,0.33546215098942805,0.5241557207344806,130
Red,21,UpslopeLength_norm,Normal vs Congestion,0.4970165963564779,0.3946051071133555,0.5937525404851717,124
Red,21,UpslopeLength_norm,Ischaemia vs Congestion,0.5490869170274292,0.44609076162006195,0.6382690262393219,130
Red,21,DownslopeLength_norm,Normal vs Ischaemia,0.5834492838675779,0.4810180383961638,0.6749836829836832,130
Red,21,DownslopeLength_norm,Normal vs Congestion,0.5409134727456305,0.4413956406117423,0.6406947981974922,124
Red,21,DownslopeLength_norm,Ischaemia vs Congestion,0.458076087599473,0.33779317697228145,0.550559938488626,130
Red,21,Slope_Ratio,Normal vs Ischaemia,0.6161056011080802,0.5169166666666667,0.7151155828002843,130
Red,21,Slope_Ratio,Normal vs Congestion,0.5511552948385173,0.45288456364727553,0.6564727175439631,124
Red,21,Slope_Ratio,Ischaemia vs Congestion,0.43916474978358244,0.33515957185341755,0.5376784154440775,130
Red,21,Length_Height_Ratio,Normal vs Ischaemia,0.5217501822270509,0.4296715034341994,0.6255247024118482,130
Red,21,Length_Height_Ratio,Normal vs Congestion,0.5592279395869235,0.46714719985598324,0.6617226125422847,124
Red,21,Length_Height_Ratio,Ischaemia vs Congestion,0.5405710187087397,0.43146347819208913,0.6462482145937555,130
Red,21,SlopeLength_Ratio,Normal vs Ischaemia,0.3838943988919198,0.2848844171997157,0.4830833333333333,130
Red,21,SlopeLength_Ratio,Normal vs Congestion,0.44884470516148267,0.34352728245603686,0.5471154363527245,124
Red,21,SlopeLength_Ratio,Ischaemia vs Congestion,0.5608352502164176,0.4623215845559225,0.6648404281465824,130
IR,3,Upslope_norm,Normal vs Ischaemia,0.18278863475907617,0.078125,0.30396513097426475,64
IR,3,Upslope_norm,Normal vs Congestion,0.8902820853694726,0.7728513993316625,0.979162940379404,66
IR,3,Upslope_norm,Ischaemia vs Congestion,0.9182107716818012,0.8175892857142858,0.9926379828103967,66
IR,3,Downslope_norm,Normal vs Ischaemia,0.9642785930519182,0.8964593596059114,1.0,64
IR,3,Downslope_norm,Normal vs Congestion,0.9135904096191154,0.8231792717086834,1.0,66
IR,3,Downslope_norm,Ischaemia vs Congestion,0.6490474502142324,0.5148352652464495,0.7849773216793604,66
IR,3,UpslopeLength_norm,Normal vs Ischaemia,0.02731850489291059,0.0,0.09375,64
IR,3,UpslopeLength_norm,Normal vs Congestion,0.028078850461247376,0.0,0.08852941176470595,66
IR,3,UpslopeLength_norm,Ischaemia vs Congestion,0.06984158951331136,0.009149366983635561,0.15385338345864663,66
IR,3,DownslopeLength_norm,Normal vs Ischaemia,0.02731850489291059,0.0,0.09375,64
IR,3,DownslopeLength_norm,Normal vs Congestion,0.05317558953304969,0.0,0.12042460450089126,66
IR,3,DownslopeLength_norm,Ischaemia vs Congestion,0.3198016781533958,0.18994381243597544,0.4525406426011265,66
IR,3,Slope_Ratio,Normal vs Ischaemia,0.19224065987645453,0.06691748398644946,0.33005783347821893,64
IR,3,Slope_Ratio,Normal vs Congestion,0.9321486048659585,0.8431309326567947,1.0,66
IR,3,Slope_Ratio,Ischaemia vs Congestion,0.9235028310236664,0.8312962962962962,1.0,66
IR,3,Length_Height_Ratio,Normal vs Ischaemia,0.028445522791432164,0.0,0.09477539062500001,64
IR,3,Length_Height_Ratio,Normal vs Congestion,0.05317558953304969,0.0,0.12042460450089128,66
IR,3,Length_Height_Ratio,Ischaemia vs Congestion,0.3540468664616819,0.23127837129610965,0.48040626120563434,66
IR,3,SlopeLength_Ratio,Normal vs Ischaemia,0.8291205530998451,0.6979880397906965,0.9434898805310373,64
IR,3,SlopeLength_Ratio,Normal vs Congestion,0.06867037299182671,0.0,0.15686906734320538,66
IR,3,SlopeLength_Ratio,Ischaemia vs Congestion,0.07850306016795647,0.0,0.1759259259259259,66
IR,9,Upslope_norm,Normal vs Ischaemia,0.10643352234650674,0.03780459030459032,0.2012577399380805,72
IR,9,Upslope_norm,Normal vs Congestion,0.579268106778618,0.45534455128205126,0.7235185185185186,66
IR,9,Upslope_norm,Ischaemia vs Congestion,0.9250320990580938,0.8590028951097063,0.9814754843094221,72
IR,9,Downslope_norm,Normal vs Ischaemia,0.7922819848419033,0.659261576971214,0.9205985595836107,72
IR,9,Downslope_norm,Normal vs Congestion,0.9065426239797033,0.8034482868060582,0.9917279411764706,66
IR,9,Downslope_norm,Ischaemia vs Congestion,0.17890882891197318,0.07692307692307693,0.28214285714285714,72
IR,9,UpslopeLength_norm,Normal vs Ischaemia,0.027281813483126457,0.0,0.09090909090909091,72
IR,9,UpslopeLength_norm,Normal vs Congestion,0.04972462397650209,0.005497030542986426,0.1268930858633776,66
IR,9,UpslopeLength_norm,Ischaemia vs Congestion,1.0,0.9999999999999999,1.0,72
IR,9,DownslopeLength_norm,Normal vs Ischaemia,0.1794355803138936,0.05585387708715799,0.2942106935366739,72
IR,9,DownslopeLength_norm,Normal vs Congestion,0.06047183784984461,0.0,0.12862189219252623,66
IR,9,DownslopeLength_norm,Ischaemia vs Congestion,0.8473084361969735,0.743125,0.9376736111111111,72
IR,9,Slope_Ratio,Normal vs Ischaemia,0.2808428777852853,0.15273488722790454,0.4141015625,72
IR,9,Slope_Ratio,Normal vs Congestion,0.5905765159272547,0.46322848583877996,0.7379861111111112,66
IR,9,Slope_Ratio,Ischaemia vs Congestion,0.7724860840892741,0.6453179213123078,0.8772551907968574,72
IR,9,Length_Height_Ratio,Normal vs Ischaemia,0.16178475939482653,0.05668220668220665,0.26815570599613153,72
IR,9,Length_Height_Ratio,Normal vs Congestion,0.08158452403386506,0.016284722222222214,0.15943616029822924,66
IR,9,Length_Height_Ratio,Ischaemia vs Congestion,0.8260835426766283,0.7205888967803031,0.9212815562815563,72
IR,9,SlopeLength_Ratio,Normal vs Ischaemia,0.7266953099832176,0.59637362620476,0.8554913811601458,72
IR,9,SlopeLength_Ratio,Normal vs Congestion,0.4497757388232817,0.3033796296296296,0.5871826136481308,66
IR,9,SlopeLength_Ratio,Ischaemia vs Congestion,0.22366025065528028,0.11957947530864198,0.3489193678728562,72
IR,15,Upslope_norm,Normal vs Ischaemia,0.1714842489075162,0.09847838988968022,0.26447771868493575,86
IR,15,Upslope_norm,Normal vs Congestion,0.5641314606386222,0.44240259740259735,0.7291684688581315,68
IR,15,Upslope_norm,Ischaemia vs Congestion,0.7932860472536781,0.679416110611286,0.8866457983193279,90
IR,15,Downslope_norm,Normal vs Ischaemia,0.7580264207958973,0.6381080316742082,0.8599031991174848,86
IR,15,Downslope_norm,Normal vs Congestion,0.8414696333732269,0.7211417135610684,0.9491447368421052,68
IR,15,Downslope_norm,Ischaemia vs Congestion,0.2229655266671463,0.130975,0.3590750053214134,90
IR,15,UpslopeLength_norm,Normal vs Ischaemia,0.0,0.0,0.0,86
IR,15,UpslopeLength_norm,Normal vs Congestion,0.0,0.0,0.0,68
IR,15,UpslopeLength_norm,Ischaemia vs Congestion,0.9396745112834337,0.8602553043664155,0.9958158613445378,90
IR,15,DownslopeLength_norm,Normal vs Ischaemia,0.18399611844924124,0.09772612762804479,0.29632667169431876,86
IR,15,DownslopeLength_norm,Normal vs Congestion,0.15853036662677322,0.05085526315789479,0.27885828643893157,68
IR,15,DownslopeLength_norm,Ischaemia vs Congestion,0.8259141882446694,0.7261031366294524,0.9120238866396762,90
IR,15,Slope_Ratio,Normal vs Ischaemia,0.3298158188140381,0.20335163911190546,0.4380903098982425,86
IR,15,Slope_Ratio,Normal vs Congestion,0.6235941216635911,0.4838744588744589,0.7554231077457721,68
IR,15,Slope_Ratio,Ischaemia vs Congestion,0.7104592070667658,0.5931578947368422,0.8117872674710909,90
IR,15,Length_Height_Ratio,Normal vs Ischaemia,0.1436544619932486,0.06045921985815601,0.25548608747696894,86
IR,15,Length_Height_Ratio,Normal vs Congestion,0.1540660308300245,0.050788298872180504,0.27708279079246817,68
IR,15,Length_Height_Ratio,Ischaemia vs Congestion,0.8409651915522776,0.7540685805422648,0.9156994047619048,90
IR,15,SlopeLength_Ratio,Normal vs Ischaemia,0.682129969257195,0.5749267814009662,0.8023392478775387,86
IR,15,SlopeLength_Ratio,Normal vs Congestion,0.3927274603510794,0.258555533008658,0.5316450216450217,68
IR,15,SlopeLength_Ratio,Ischaemia vs Congestion,0.28367669234157333,0.18104537456008044,0.3997372841948077,90
IR,21,Upslope_norm,Normal vs Ischaemia,0.48058018698880844,0.3762241054613936,0.5796672561069882,119
IR,21,Upslope_norm,Normal vs Congestion,0.5346595671524913,0.4244049971767363,0.6327029342696159,111
IR,21,Upslope_norm,Ischaemia vs Congestion,0.5592027935628636,0.436509585747637,0.6756039915966388,124
IR,21,Downslope_norm,Normal vs Ischaemia,0.4978982212423314,0.39005756714450485,0.6097590199544647,119
IR,21,Downslope_norm,Normal vs Congestion,0.539417651068172,0.4404419025674786,0.6460688164893618,111
IR,21,Downslope_norm,Ischaemia vs Congestion,0.5060406160562938,0.4123690188826881,0.5877672944422675,124
IR,21,UpslopeLength_norm,Normal vs Ischaemia,0.05645697405847292,0.026072920746833792,0.09134681201673217,119
IR,21,UpslopeLength_norm,Normal vs Congestion,0.3788667797875142,0.27082934209340065,0.49351027481955806,111
IR,21,UpslopeLength_norm,Ischaemia vs Congestion,0.8971157950915951,0.8393464515063868,0.9530978145162036,124
IR,21,DownslopeLength_norm,Normal vs Ischaemia,0.26288655195321997,0.17898597473764571,0.3588779795297986,119
IR,21,DownslopeLength_norm,Normal vs Congestion,0.463002119424361,0.35484079612835717,0.5579372125576175,111
IR,21,DownslopeLength_norm,Ischaemia vs Congestion,0.7410869840311528,0.644329456782713,0.8308198246080255,124
IR,21,Slope_Ratio,Normal vs Ischaemia,0.5175463914971487,0.4128526330527233,0.6179637162787888,119
IR,21,Slope_Ratio,Normal vs Congestion,0.5434456663483543,0.43600974774073853,0.6385979180221211,111
IR,21,Slope_Ratio,Ischaemia vs Congestion,0.5015836722649238,0.40195271682340644,0.6010718898096591,124
IR,21,Length_Height_Ratio,Normal vs Ischaemia,0.1426377548342478,0.06951428753667559,0.22080234246204572,119
IR,21,Length_Height_Ratio,Normal vs Congestion,0.442122831584568,0.34256882131383626,0.5388865974378882,110
IR,21,Length_Height_Ratio,Ischaemia vs Congestion,0.8422333976530748,0.755681591162818,0.9098556644880175,123
IR,21,SlopeLength_Ratio,Normal vs Ischaemia,0.48274460109242534,0.382043459381372,0.588841361240255,119
IR,21,SlopeLength_Ratio,Normal vs Congestion,0.457543564013274,0.3614183474300586,0.5640470704410796,111
IR,21,SlopeLength_Ratio,Ischaemia vs Congestion,0.4981756470486191,0.3984043390380444,0.5980472831765937,124
Red/IR_Ratio,3,Upslope_norm_ratio,Normal vs Ischaemia,0.4298371517547143,0.409591984408567,0.44960876750294076,2848
Red/IR_Ratio,3,Upslope_norm_ratio,Normal vs Congestion,0.3855847702940659,0.3665486102287677,0.40700496148128373,2478
Red/IR_Ratio,3,Upslope_norm_ratio,Ischaemia vs Congestion,0.49881295897128736,0.4809323009555666,0.5185150364621813,3022
Red/IR_Ratio,3,Downslope_norm_ratio,Normal vs Ischaemia,0.5786062426942802,0.5594475191451652,0.5984892510703016,2848
Red/IR_Ratio,3,Downslope_norm_ratio,Normal vs Congestion,0.24763146590171875,0.22882468488196453,0.2708203089744134,2478
Red/IR_Ratio,3,Downslope_norm_ratio,Ischaemia vs Congestion,0.37417167895921133,0.3546484374725639,0.39287765278437264,3022
Red/IR_Ratio,3,UpslopeLength_norm_ratio,Normal vs Ischaemia,0.38780128469703606,0.3712314949972959,0.40704389853714656,2848
Red/IR_Ratio,3,UpslopeLength_norm_ratio,Normal vs Congestion,0.9256074576271109,0.9159877543195105,0.9366055134117526,2478
Red/IR_Ratio,3,UpslopeLength_norm_ratio,Ischaemia vs Congestion,0.9616880254374358,0.9561705369629753,0.9674991512662463,3022
Red/IR_Ratio,3,DownslopeLength_norm_ratio,Normal vs Ischaemia,0.36722571034040796,0.34670152577722574,0.388534844048881,2848
Red/IR_Ratio,3,DownslopeLength_norm_ratio,Normal vs Congestion,0.8734843688599454,0.8585015782148344,0.8888126326133682,2478
Red/IR_Ratio,3,DownslopeLength_norm_ratio,Ischaemia vs Congestion,0.8075327233336412,0.7897955852425053,0.8230552428024099,3022
Red/IR_Ratio,9,Upslope_norm_ratio,Normal vs Ischaemia,0.6463111688513317,0.6309280249293888,0.6624893241713254,4164
Red/IR_Ratio,9,Upslope_norm_ratio,Normal vs Congestion,0.48084658830775084,0.4670208541198989,0.4966470557272609,4026
Red/IR_Ratio,9,Upslope_norm_ratio,Ischaemia vs Congestion,0.33733014124961597,0.3205583698191204,0.3547769940813563,4230
Red/IR_Ratio,9,Downslope_norm_ratio,Normal vs Ischaemia,0.5242232356629727,0.5075880082502802,0.5395070958811575,4164
Red/IR_Ratio,9,Downslope_norm_ratio,Normal vs Congestion,0.5163960426343377,0.49870404658387585,0.5349099063258573,4026
Red/IR_Ratio,9,Downslope_norm_ratio,Ischaemia vs Congestion,0.4931380496798765,0.4750676870199074,0.5111179161350479,4230
Red/IR_Ratio,9,UpslopeLength_norm_ratio,Normal vs Ischaemia,0.4658134904696673,0.4470394444086853,0.4791510159893561,4164
Red/IR_Ratio,9,UpslopeLength_norm_ratio,Normal vs Congestion,0.6135264069463306,0.5980505028804628,0.6298028360507212,4026
Red/IR_Ratio,9,UpslopeLength_norm_ratio,Ischaemia vs Congestion,0.657697278908535,0.6415655382020454,0.6722806946687615,4230
Red/IR_Ratio,9,DownslopeLength_norm_ratio,Normal vs Ischaemia,0.5413592717105905,0.5258006466100572,0.5613483598688406,4164
Red/IR_Ratio,9,DownslopeLength_norm_ratio,Normal vs Congestion,0.548517959006826,0.5311053624461662,0.566372402067899,4026
Red/IR_Ratio,9,DownslopeLength_norm_ratio,Ischaemia vs Congestion,0.507527336749581,0.4884817044499686,0.526752287270768,4230
Red/IR_Ratio,15,Upslope_norm_ratio,Normal vs Ischaemia,0.5584689444944805,0.543010741136854,0.573247162860706,5698
Red/IR_Ratio,15,Upslope_norm_ratio,Normal vs Congestion,0.49277839353029973,0.4765707691742845,0.5096244756265925,4420
Red/IR_Ratio,15,Upslope_norm_ratio,Ischaemia vs Congestion,0.43316448142015646,0.41647222897417113,0.44701637573281044,5958
Red/IR_Ratio,15,Downslope_norm_ratio,Normal vs Ischaemia,0.4870179674309128,0.4735027121562731,0.5017370811998483,5698
Red/IR_Ratio,15,Downslope_norm_ratio,Normal vs Congestion,0.4910894550750233,0.47519466286836315,0.5053429971485816,4420
Red/IR_Ratio,15,Downslope_norm_ratio,Ischaemia vs Congestion,0.5177639392930304,0.504626254816706,0.5339024064850773,5958
Red/IR_Ratio,15,UpslopeLength_norm_ratio,Normal vs Ischaemia,0.6652896369112257,0.6523353757532099,0.6785808915558511,5698
Red/IR_Ratio,15,UpslopeLength_norm_ratio,Normal vs Congestion,0.6096213263461697,0.5937921430610424,0.6258745729846483,4420
Red/IR_Ratio,15,UpslopeLength_norm_ratio,Ischaemia vs Congestion,0.4473714337845463,0.42980149873159607,0.4625665479330146,5958
Red/IR_Ratio,15,DownslopeLength_norm_ratio,Normal vs Ischaemia,0.6109194994951842,0.5952523839552692,0.6228044116372105,5698
Red/IR_Ratio,15,DownslopeLength_norm_ratio,Normal vs Congestion,0.5586818865245441,0.5420201738268133,0.5741897183056143,4420
Red/IR_Ratio,15,DownslopeLength_norm_ratio,Ischaemia vs Congestion,0.4254718159055963,0.4095885353653003,0.43785602915486144,5958
Red/IR_Ratio,21,Upslope_norm_ratio,Normal vs Ischaemia,0.5180285592003834,0.5060086659846997,0.5307894988994756,7774
Red/IR_Ratio,21,Upslope_norm_ratio,Normal vs Congestion,0.4903113363102273,0.4757850584328065,0.5038387673251514,6882
Red/IR_Ratio,21,Upslope_norm_ratio,Ischaemia vs Congestion,0.47244549354315013,0.4607201182372569,0.4866138068452536,8084
Red/IR_Ratio,21,Downslope_norm_ratio,Normal vs Ischaemia,0.4117243920532101,0.3993668245050609,0.423994554782051,7774
Red/IR_Ratio,21,Downslope_norm_ratio,Normal vs Congestion,0.42983507128220366,0.41722966506910175,0.44223432247929667,6882
Red/IR_Ratio,21,Downslope_norm_ratio,Ischaemia vs Congestion,0.5239946399839739,0.5102085706835273,0.5360787374827135,8084
Red/IR_Ratio,21,UpslopeLength_norm_ratio,Normal vs Ischaemia,0.7315956227924332,0.7195899440971449,0.741172207899278,7774
Red/IR_Ratio,21,UpslopeLength_norm_ratio,Normal vs Congestion,0.5471944523411114,0.5338984112892641,0.5583142096144776,6882
Red/IR_Ratio,21,UpslopeLength_norm_ratio,Ischaemia vs Congestion,0.30522213673855,0.29418495585454557,0.31834801720882966,8084
Red/IR_Ratio,21,DownslopeLength_norm_ratio,Normal vs Ischaemia,0.6631121923700366,0.652195158284442,0.6749963681633642,7774
Red/IR_Ratio,21,DownslopeLength_norm_ratio,Normal vs Congestion,0.543420252746738,0.5313428742965371,0.5570806730923548,6882
Red/IR_Ratio,21,DownslopeLength_norm_ratio,Ischaemia vs Congestion,0.37339089541944354,0.3635288326782787,0.3857827681802991,8084
