Depth_mm,State,Channel,Processing,SNR_Welch_dB,Signal_Power,Noise_Power,SNR_FFT_dB,PI_Percent,DC_Component,AC_Component,mean,std,skewness,kurtosis,peak_to_peak,cv,rms,SNR_Improvement_dB,Artifacts_Count,Artifacts_Percent
3,Normal,Red,Raw,15.330987660212724,7.341716179745538e-07,2.151289340211205e-08,14.880721113482721,0.05725177893548963,2.6256299799310048,0.0015032198717740398,2.6256299799310048,0.0015032198717740398,-0.08007094353394437,-0.5897114646656441,0.009208138631989993,0.0005725177893330914,2.625630410241029,,,
3,Normal,Red,Processed,20.725546474739826,5.880294926697423e-07,4.97558856707739e-09,17.601826049935006,61.33982460893724,0.001589516613952992,0.0009750067031286834,0.001589516613952992,0.0009750067031286834,-0.16232632375598163,-1.2586750518926746,0.0038709285989226953,0.6133982074991368,0.0018647254857427273,5.394558814527102,0.0,0.0
3,Normal,IR,Raw,18.781437114328355,1.733247633928097e-06,2.2946523883624642e-08,17.168149082306137,0.09919845377128328,1.8223541123966656,0.0018077471017348859,1.8223541123966656,0.0018077471017348859,-0.07330536372418116,-1.2006955619343795,0.007892688049560004,0.0009919845376583985,1.8223550090250316,,,
3,Normal,IR,Processed,21.456732915995858,1.3898035506340467e-06,9.937568270903415e-09,17.77968647593389,62.98425405997447,0.002383812362895978,0.001501426434959483,0.002383812362895978,0.001501426434959483,-0.08337723573678367,-1.3182501935957833,0.005432126179094101,0.6298425141780964,0.002817240266837539,2.6752958016675024,0.0,0.0
3,Ischaemia,Red,Raw,11.263342171977907,2.419547846310146e-07,1.808839351066891e-08,11.96522976775607,0.03456046485090686,2.6373922674314643,0.0009114950275661867,2.6373922674314643,0.0009114950275661867,-0.08602927066710662,-0.47063671515038097,0.0059195177304496305,0.00034560464849596456,2.637392424939919,,,
3,Ischaemia,Red,Processed,17.304706578054006,1.9016529869163597e-07,3.537208110115411e-09,14.749298774219472,62.07716656635374,0.0009027533682734171,0.0005604037121064579,0.0009027533682734171,0.0005604037121064579,-0.14868360390594815,-1.242406895031038,0.002356433507509835,0.6207715968992857,0.0010625516290852402,6.041364406076099,0.0,0.0
3,Ischaemia,IR,Raw,17.35600115623478,7.13046245094576e-07,1.3107431042846324e-08,16.484487871385422,0.0728851689528393,1.830384154072516,0.0013340785831817516,1.830384154072516,0.0013340785831817516,-0.11248119697543743,-0.8027977708977989,0.007070533052970118,0.0007288516894885733,1.8303846402451662,,,
3,Ischaemia,IR,Processed,20.615139559475626,5.561972909250803e-07,4.827418086799097e-09,16.95206391355064,62.20999770960452,0.0015433818973110262,0.0009601378429676403,0.0015433818973110262,0.0009601378429676403,-0.14023306546223205,-1.3577509549303626,0.0033037043398238255,0.6220999367884624,0.0018176612331361243,3.259138403240847,0.0,0.0
3,Congestion,Red,Raw,15.153775316225362,6.538766226631978e-07,1.9958057943429268e-08,14.737198113855465,0.08325076741756879,2.5907841302854555,0.002156847670595227,2.5907841302854555,0.002156847670595227,-0.1435321609802123,-0.6703722048626704,0.011345742029960082,0.0008325076741435545,2.590785028081419,,,
3,Congestion,Red,Processed,20.508655298050083,5.263626252490169e-07,4.68187176688234e-09,18.043900280072805,60.1187839526692,0.0015362071447555762,0.000923549054421073,0.0015362071447555762,0.000923549054421073,-0.22040971651797825,-1.281815211153132,0.0034643756740184084,0.6011878003921389,0.001792449510452146,5.3548799818247215,0.0,0.0
3,Congestion,IR,Raw,19.588055447250433,7.300911323687944e-07,8.027337612322112e-09,18.805716483322254,0.07406731286905484,1.7674865071747854,0.0013091297611874777,1.7674865071747854,0.0013091297611874777,-0.03275099995286314,-0.8571303636449206,0.006741670991790016,0.0007406731286486429,1.767486991993337,,,
3,Congestion,IR,Processed,22.754983365382255,5.798272061195634e-07,3.0746823337490342e-09,19.781233225157546,62.80510329270076,0.001560403536106583,0.0009800130526346946,0.001560403536106583,0.0009800130526346946,-0.16378759219855943,-1.3907784924572388,0.003307088465986198,0.6280509926777401,0.0018426298539935524,3.1669279181318224,0.0,0.0
9,Normal,Red,Raw,6.701689667636272,7.429308844553043e-08,1.5877402191365465e-08,8.00688852987142,0.024599828843416452,2.5058776482900647,0.0006164416125047852,2.5058776482900647,0.0006164416125047852,0.04442570064486688,-0.22141144805439383,0.004275207000000059,0.00024599828842434765,2.5058777241118544,,,
9,Normal,Red,Processed,15.03615879722519,6.36025082100452e-08,1.9946117035682025e-09,12.942484067528513,57.261135665199895,0.0005537827727081567,0.0003171023047709232,0.0005537827727081567,0.0003171023047709232,-0.2479208643584657,-0.6851708002532875,0.0016763417734092488,0.5726112532520231,0.0006381451488802256,8.334469129588918,0.0,0.0
9,Normal,IR,Raw,17.931070269545103,4.454702183811596e-07,7.173178661927405e-09,17.05910009409867,0.0406059396780729,2.452722022182954,0.00099595082479842,2.452722022182954,0.00099595082479842,-0.06299521727548565,-0.8501230216907274,0.005097362000000327,0.0004060593967641735,2.4527222243905418,,,
9,Normal,IR,Processed,21.42809367098614,3.7547778051474787e-07,2.7025570775368878e-09,18.395720430631364,63.64213823332396,0.0012224313101018814,0.0007779814241824725,0.0012224313101018814,0.0007779814241824725,-0.09603563684929069,-1.3778611794316473,0.0026537094142531684,0.6364213302713099,0.0014489973789798209,3.4970234014410373,0.0,0.0
9,Ischaemia,Red,Raw,3.7130492120172325,3.200466152598372e-08,1.3611573021729437e-08,5.097462187116495,0.019386819978906684,2.508101732990137,0.0004862411678626366,2.508101732990137,0.0004862411678626366,-0.09044252989558198,-0.10218602392421294,0.003617482814400219,0.00019386819978133715,2.5081017801234866,,,
9,Ischaemia,Red,Processed,13.02294291718191,2.7152113829899734e-08,1.3536592458409709e-09,11.533464008226318,59.030296453829564,0.0003618814051916042,0.00021361966629588816,0.0003618814051916042,0.00021361966629588816,-0.18641181439450144,-0.367031632713938,0.0012896277878745985,0.5903028014177836,0.00042022793011866396,9.309893705164678,0.0,0.0
9,Ischaemia,IR,Raw,14.924802962471905,1.5897305063309863e-07,5.114971426929669e-09,14.639972128122874,0.028052671984442785,2.4573833790827737,0.0006893616987343067,2.4573833790827737,0.0006893616987343067,-0.008704420267832831,-0.5893847826691108,0.00394634479336009,0.00028052671983301217,2.4573834757749595,,,
9,Ischaemia,IR,Processed,19.71227990379458,1.3527537149695385e-07,1.4454089677997031e-09,16.62399282305927,64.07089285033891,0.0007312823831540448,0.0004685391521440329,0.0007312823831540448,0.0004685391521440329,-0.08513230507132756,-1.3918832667064638,0.0016794429712343553,0.6407088408889661,0.0008685061087887111,4.7874769413226765,0.0,0.0
9,Congestion,Red,Raw,7.910741688891224,9.362531171601181e-08,1.5146737807096613e-08,8.969580731845992,0.025140039030276697,2.50341085933513,0.0006293584671250369,2.50341085933513,0.0006293584671250369,-0.20960023884669768,-0.2702753872758996,0.0044396380000000235,0.00025140039029272466,2.5034109384456107,,,
9,Congestion,Red,Processed,15.928212392006998,7.756367410301453e-08,1.98078406584122e-09,14.033132978436512,57.747976435475,0.0006025791910311028,0.0003479772892417172,0.0006025791910311028,0.0003479772892417172,-0.22408504959132766,-0.9222361272275368,0.0016417041150849367,0.5774796685200984,0.0006958375351270668,8.017470703115773,0.0,0.0
9,Congestion,IR,Raw,17.961355568622558,3.8649910971291796e-07,6.18034815929197e-09,17.133265010383333,0.03971140053256427,2.4489117548691555,0.0009724971556651389,2.4489117548691555,0.0009724971556651389,-0.02684608396310056,-0.7346889135667061,0.005426223999999813,0.0003971140053094268,2.4489119479652683,,,
9,Congestion,IR,Processed,21.55651119164731,3.315533171930161e-07,2.3168731586960487e-09,18.338725213095106,64.04069773911313,0.0011424588316603361,0.0007316386071773991,0.0011424588316603361,0.0007316386071773991,-0.11383255760239092,-1.3954828104944657,0.002507031859517397,0.6404069213359892,0.0013566529525089253,3.595155623024752,0.0,0.0
15,Normal,Red,Raw,4.360152676308337,3.438163552603643e-08,1.2598280234018479e-08,5.805901963100196,0.021153127439193623,2.513219066803043,0.0005316244320269604,2.513219066803043,0.0005316244320269604,-0.13335379698384128,-0.15486313183275158,0.003946344898279719,0.00021153127438351948,2.5132191230306393,,,
15,Normal,Red,Processed,12.971941106015219,2.6595690545716278e-08,1.3415818077396434e-09,10.94804089286691,60.67491419728981,0.0003378278704251486,0.0002049767705149903,0.0003378278704251486,0.0002049767705149903,0.01634480354832631,-0.46480196269875984,0.0011563142365359315,0.6067489623699063,0.0003951495242142472,8.611788429706882,0.0,0.0
15,Normal,IR,Raw,15.436794351300664,9.24312018290081e-08,2.643255623402793e-09,15.535966072405476,0.026222145095456003,2.3377196708352925,0.0006130002440114468,2.3377196708352925,0.0006130002440114468,-0.01913731624663147,-0.4130292331363661,0.003781913564109729,0.00026222145094334303,2.3377197512061976,,,
15,Normal,IR,Processed,20.95917940932378,7.013943895052075e-08,5.623987499219984e-10,17.196153004595523,62.16399211503572,0.0005478309825569519,0.0003405536088004263,0.0005478309825569519,0.0003405536088004263,-0.11339738126019454,-1.321880085720702,0.0011814007355764257,0.6216398076774381,0.0006450546844386987,5.522385058023117,0.0,0.0
15,Ischaemia,Red,Raw,1.334978152596035,1.952646414439284e-08,1.4359052818632362e-08,2.745731087450578,0.01965148463415184,2.516720489629653,0.0004945729403041222,2.516720489629653,0.0004945729403041222,-0.11532645157713244,-0.22193235569060876,0.0037819138671197905,0.00019651484633371002,2.5167205382251154,,,
15,Ischaemia,Red,Processed,10.708820401359702,1.4902104660805786e-08,1.265801392441652e-09,9.030457949782635,55.72359574041641,0.00027697615074618275,0.0001543410705391692,0.00027697615074618275,0.0001543410705391692,-0.26741142702665505,0.03948760667572371,0.0009143430077779084,0.5572357562186993,0.00031707562841907133,9.373842248763667,88.0,0.1437908496732026
15,Ischaemia,IR,Raw,11.004152985011025,2.5229621154247082e-08,2.0021445566860737e-09,11.7274873875933,0.021328158090955462,2.3422568496595177,0.000499560243791615,2.3422568496595177,0.000499560243791615,0.02402558517217885,-0.3736643540673734,0.003124189471829908,0.00021328158090044882,2.3422569029330162,,,
15,Ischaemia,IR,Processed,18.735166145729927,1.9049239556910502e-08,2.5489483116756274e-10,15.302248792231373,63.03922913270746,0.00028169638041968215,0.0001775792267113067,0.00028169638041968215,0.0001775792267113067,-0.1105508219417554,-1.293804309640479,0.0006618033457612494,0.6303920675428476,0.00033299734608692596,7.731013160718902,0.0,0.0
15,Congestion,Red,Raw,1.5098713827547325,3.066118590853433e-08,2.165717521412457e-08,2.9016813636720484,0.024022118157062303,2.5025431032071785,0.0006011638611838421,2.5025431032071785,0.0006011638611838421,0.06119072060578697,-0.3991495483267111,0.003946344877700181,0.00024022118156102396,2.502543175413324,,,
15,Congestion,Red,Processed,9.868446178435526,2.6174132794523213e-08,2.6979114024126227e-09,7.448605256550007,58.96446665143379,0.0003452157308810035,0.00020355461451083273,0.0003452157308810035,0.00020355461451083273,0.09753840693959756,-0.11997074881001879,0.0012845714417569108,0.5896444957096952,0.0004007597558841945,8.358574795680793,0.0,0.0
15,Congestion,IR,Raw,14.714967371061618,5.924116166307908e-08,2.0004459833876855e-09,14.965424981046102,0.027190575242572998,2.32877704146475,0.0006332078736912382,2.32877704146475,0.0006332078736912382,-0.00932088847136376,-0.3577108794861408,0.003946344574420113,0.00027190575241405404,2.32877712755118,,,
15,Congestion,IR,Processed,20.659824404847548,4.4938032498146064e-08,3.860393835937185e-10,17.113936237496713,62.22835098810846,0.0004399642512790102,0.0002737824985081059,0.0004399642512790102,0.0002737824985081059,-0.12564908325261348,-1.3061169258847227,0.0009692669051929327,0.6222833684415549,0.0005181943640110736,5.9448570337859294,0.0,0.0
21,Normal,Red,Raw,3.420352327212955,1.7571345374911023e-08,7.994103787677448e-09,4.350558553316924,0.020100750806001638,1.905969329077051,0.00038311414527659934,1.905969329077051,0.00038311414527659934,-0.06486877006826058,0.07928084615047393,0.0034530510707899698,0.00020100750804947018,1.9059693675814604,,,
21,Normal,Red,Processed,12.77987288872351,1.4839797157478384e-08,7.82421319814545e-10,10.418725224711753,58.32409118960814,0.00027014235632014664,0.00015755807424191847,0.00027014235632014664,0.00015755807424191847,0.048214713516356186,-0.3587235049082689,0.0009091996321752979,0.5832406959948419,0.0003127322168197945,9.359520561510555,0.0,0.0
21,Normal,IR,Raw,11.173828051423744,2.837289303710097e-08,2.165313659995541e-09,11.981604570942764,0.023800537088808263,2.4259090238371908,0.0005773793769591171,2.4259090238371908,0.0005773793769591171,0.17437809661070827,-0.2509980234808884,0.0037819137063599406,0.00023800537087827165,2.4259090925468856,,,
21,Normal,IR,Processed,19.991306788877605,2.4435690782993705e-08,2.448465234556474e-10,16.981187094019468,62.39980214605693,0.00031735408883823543,0.00019802832353748063,0.00031735408883823543,0.00019802832353748063,-0.15127673786191606,-1.222740966200692,0.0008846657430449541,0.6239978248354597,0.00037407062785710897,8.817478737453861,0.0,0.0
21,Ischaemia,Red,Raw,1.7834754754597513,1.148291440265944e-08,7.615607973896222e-09,3.13860170130362,0.02333260291769956,1.906879860349449,0.0004449247059329208,1.906879860349449,0.0004449247059329208,0.07091294889304578,-0.1589781928266647,0.0032886200681900846,0.00023332602916475956,1.906879912255706,,,
21,Ischaemia,Red,Processed,11.013134308122574,9.257958455789556e-09,7.331651223062584e-10,8.378406988657161,60.262555836554945,0.00019758863577026104,0.00011907196195774073,0.00019758863577026104,0.00011907196195774073,0.0176696190292413,-0.08664130117413382,0.0007663626268582082,0.6026252533757148,0.00023069330529952215,9.229658832662823,119.0,0.19572368421052633
21,Ischaemia,IR,Raw,6.013951956997,7.54058907707814e-09,1.888035165388316e-09,7.271766068796449,0.03163241000365244,2.430342530664919,0.0007687759137930697,2.430342530664919,0.0007687759137930697,0.21839736869411383,-0.6010409049465268,0.0044396378380500146,0.0003163241000235088,2.4303426522560905,,,
21,Ischaemia,IR,Processed,14.188266540358669,6.314488868600669e-09,2.407196525945433e-10,12.042756342444214,60.05242941614791,0.00016758241060751668,0.00010063730884395813,0.00016758241060751668,0.00010063730884395813,-0.12371303018365835,-1.0548240282082237,0.000444844036309152,0.6005239358160337,0.00019547821432676466,8.174314583361667,0.0,0.0
21,Congestion,Red,Raw,3.2011885324276723,1.8196994888490702e-08,8.707246107903923e-09,4.090595184650619,0.022966799600709877,1.9037944586120499,0.00043724065811884906,1.9037944586120499,0.00043724065811884906,-0.06087154079984894,-0.13749521343159854,0.0036174820728400725,0.00022966799599503509,1.9037945088221422,,,
21,Congestion,Red,Processed,11.971707916626851,1.399684081036077e-08,8.889129467737581e-10,9.425855301844177,57.42977151106701,0.0002533844739831525,0.0001455181244530435,0.0002533844739831525,0.0001455181244530435,-0.06039900865534248,-0.25496889407074974,0.0008306985610991944,0.5742974884600472,0.00029219722141055743,8.77051938419918,0.0,0.0
21,Congestion,IR,Raw,12.75454347585386,2.5716529509191322e-08,1.3638230048677276e-09,12.944803032726346,0.02166520279133442,2.4215348420032132,0.0005246304341828157,2.4215348420032132,0.0005246304341828157,-0.0013374075661010784,-0.34684833470800713,0.0032886206075799507,0.0002166520279043973,2.4215348988343366,,,
21,Congestion,IR,Processed,20.902780490125735,2.2106862402392252e-08,1.7957631654478847e-10,17.527097286480362,64.84244676078701,0.00029699981187855803,0.00019258194489699156,0.00029699981187855803,0.00019258194489699156,-0.12231898321716383,-1.1213366464610672,0.0009503814415980427,0.6484242492830687,0.0003539727302437389,8.148237014271876,0.0,0.0
