Depth,Channel,State,Pulse_Index,AC_Component,AUC,AUC_Ratio,Amplitude,DC_Component,DNP,D_AUC,Datum_Area_Ratio,Delta_T,Diastolic_Width,Downslope,Downslope_Length,Downslope_Length_Ratio,End_Datum_Area,Fall_Time,IPAR,Kurtosis,Length_Height_Ratio,Max_Start_Datum_Diff,Onset_End_Slope,PI,PW50,Pulse_Width,RWI,Rise_Decay_Time_Ratio,Rise_Time,SDPPG_b_a,SDPPG_c_a,SDPPG_d_a,SDPPG_e_a,S_AUC,Skewness,Slope_Length_Ratio,Slope_Ratio,Start_Datum_Area,Systolic_Width,Upslope,Upslope_Length,Upslope_Length_Ratio,Variance,Width_Ratio
3,Red,Normal,0,0.0029261250866226864,2.9882393892431667,0.22960709619478306,0.0029261250866226864,2.6239643879859287,0.8187538389476341,2.4302392190707045,3.2998463675857663,0.142,0.536,-2.826044403296521,1.2972026095992812,0.5560741925828508,0.24308374097520247,0.7655,0.5433044374640177,-1.252168806839615,2.33278701124479,0.0028894724398684,0.03092860554590567,0.11151542680642747,0.548,0.9625,0.8563561723959617,0.2573481384379689,0.197,-0.8496740604149531,0.16531974081391634,-0.1966325312694615,0.2841728331830098,0.5580001701724624,-0.26159293771818004,0.7983211831466512,3.136881327803859,0.8021390000061658,0.4265,8.864965920559143,1.035584322156054,0.4439258073742821,0.09421317816968569,0.7957089550754274
3,Red,Normal,1,0.0029245627567619,3.075356822813045,0.22103720418537068,0.0029245627567619,2.624248498580616,0.8341919761670287,2.5186430128823973,3.317061767073841,0.1425,0.5425,-3.1443895806300475,1.3882619564901035,0.5865523507126926,0.243241709166646,0.775,0.5268102595590017,-1.3965907163282856,2.3668168784505808,0.0028036398438759,-0.060321884336325696,0.11144381937275649,0.5845,0.9715,0.9065496017168297,0.2535483870640583,0.1965,-0.953865012669079,0.27665568779129934,-0.31253266331045215,0.5360817636735924,0.5567138099306473,-0.2899217885404052,0.7048776613253935,2.6724321125332082,0.8068477739660823,0.429,8.40316768985781,0.9785548412682472,0.41344764924505645,0.10029912331738143,0.7907834099924823
3,Red,Normal,2,0.0032574492007346003,3.2773489431551255,0.3119111684198578,0.0032574492007346003,2.624565992070886,0.8015557063447087,2.498148519515513,3.3790850900280756,0.2085,0.514,-2.672519821824096,1.2959642745157869,0.5597523676275621,0.2522919457210121,0.734,0.5423590911146999,-1.3752419292925673,2.31524579272014,0.0030477663852228,-0.028298719618361907,0.12411382340743625,0.529,0.9625,0.873686128767838,0.31130790186494445,0.2285,-0.7212185254092514,-0.13472798820981988,-0.4518780713243206,0.5841705142466093,0.7792004236396126,-0.13315737850121337,0.7865042789567966,2.8030512718346623,0.8525159524579531,0.4485,7.491210085847683,1.0192814473604574,0.4402476323292461,0.09981542582839034,0.8725680932154537
3,Red,Normal,3,0.0030619779301623,3.0426365065188854,0.2522358423814387,0.0030619779301623,2.6245902159576793,0.8883725700600852,2.42976315125059,6.613881060646825,0.137,0.5475,-2.8267394525496456,1.2544922965467766,0.5477525779003465,0.13391271008106279,0.7815,0.6183920802099342,-1.520073260275531,2.2902536436164103,0.0028522315045007,0.12984626961425352,0.11666499064991595,0.5295,0.979,0.9484670439677026,0.25271912984610123,0.1975,-0.9283775398414121,0.2762595114738633,-0.26054155249946953,0.2854731235790322,0.6128733552682952,-0.12165067045208403,0.8256417957054655,3.1186131026777972,0.8856827376464185,0.4315,8.81550669488945,1.0357612725021181,0.45224742205599017,0.10576616144256737,0.7881278537373283
3,Red,Normal,4,0.002820376596805158,2.7445463434730812,0.6196683537824136,0.002820376596805158,2.6247913775779708,0.7689578940402736,1.6945113096775473,5.903947474034481,0.293,0.4485,-3.4914039161699293,1.2358751700595365,0.5464956306371457,0.11457101897779917,0.6405,0.5058464254642078,-1.5060578423510693,2.2614548853024354,0.0026665317822,-0.06770440609900913,0.1074514576964289,0.5475,0.948,0.8650953143116459,0.4800936767400322,0.3075,-0.9336299178278704,0.34127630772134837,-0.49483800738880535,0.42597988953753163,1.0500350337955342,-0.2488222860798326,0.829840796262562,2.125592804412583,0.6764212786819287,0.4995,7.4213030417212735,1.0255796352863191,0.4535043693186349,0.12123808893519548,1.1137123743336204
3,Red,Normal,5,0.0028632148499596103,2.9141017826754796,0.24387794027262222,0.0028632148499596103,2.6247588281293894,0.8312513590864649,2.3427554169924454,4.904958129697761,0.131,0.539,-3.393373892532054,1.3914915167839703,0.5725663981511668,0.15953520285138978,0.7695,0.5612386072792853,-1.609491028565875,2.430271091142706,0.0028615132280748,0.018593215135572945,0.10908487359545634,0.517,0.975,0.9601960533059081,0.26705653017971975,0.2055,-0.8736335168218653,0.2919296791155155,-0.40183855761768045,0.38191529714562933,0.5713463656830335,-0.06637444011233551,0.7465223302610197,2.534990336458317,0.7825134906894015,0.436,8.6021700258122,1.0387794897226625,0.4274336018076855,0.12098964687313651,0.8089053801838765
3,Red,Normal,6,0.0030008319710919033,2.960360194060868,0.22074725156904804,0.0030008319710919033,2.6247252316256824,0.7749277243995054,2.425039409454979,4.138597049745224,0.1415,0.5555,-2.7744686706079165,1.3354769469517374,0.5685560493359065,0.21552791351491904,0.7935,0.6229914778408986,-1.3570900031062603,2.348892414080854,0.0030024285893841,-0.016641521857142794,0.11432937569312508,0.5145,0.973,0.828448646549648,0.22621298043778035,0.1795,-0.9882857582285935,0.3897472854352567,-0.1959054389904194,0.313541581153942,0.5353207846058887,-0.1421816463075476,0.7588415444583793,3.3605121672785434,0.8919831874244475,0.4175,9.32363572564708,1.0134153890893016,0.43144395062152013,0.09585856169482644,0.7515751573804544
3,Red,Normal,7,0.0032090255637256,3.08324190069306,0.2398767570332696,0.0032090255637256,2.6246361699772147,0.7291989975037458,2.4867325588444267,3.65900893539245,0.138,0.53,-2.474244993099262,1.2836299938778657,0.5632372233321922,0.2389624585072659,0.757,0.5934578947753715,-1.3391597607713233,2.279022018643682,0.0030843963016843,-0.041526345790204526,0.12226553913684704,0.5265,0.9475,0.8927637881252118,0.25165125492052165,0.1905,-0.9701647001280403,0.2607503937865199,-0.4061845435004515,0.3365820999743089,0.596509341848633,-0.08726046441072373,0.7754508375812819,3.5683421832349054,0.8743657712673345,0.4175,8.828952780890688,0.9953919539745917,0.4367627766239295,0.09513408573913791,0.7877358489079743
3,Red,Normal,8,0.0031195813199635003,3.1603117865922075,0.23042183315720954,0.0031195813199635003,2.625093840799089,0.7614876875399823,2.5684783067120494,4.585503508997467,0.134,0.542,-2.8403371918093967,1.2738335811399923,0.552454440233467,0.1989795764689083,0.774,0.6017733095454529,-1.3496365128829828,2.305771352389748,0.0029949362419224,0.039729276209683424,0.1188369448497525,0.5695,0.9605,0.909136698553821,0.2409560723202899,0.1865,-0.9239844550791607,0.21160317523819688,-0.2517685452895814,0.24624470373764754,0.5918334798801581,-0.22431872612603262,0.8101040141860333,3.2639915662477166,0.9124215465755592,0.4185,9.270836639691993,1.0319376975674883,0.44754555972316334,0.09821870504325622,0.7721402212597527
3,Red,Normal,9,0.0030099743164226003,3.223712839645465,0.4832292160549142,0.0030099743164226003,2.6252565391349063,0.8224140361387867,2.1734421117806444,3.1729245619234727,0.272,0.471,-2.709784815445005,1.2496405053498725,0.5424803069673101,0.25764805215107633,0.6725,0.511976551193901,-1.2499272349059398,2.3035684994231764,0.0028227809721088,-0.06351613976713019,0.11465448315004728,0.599,0.9495,0.8868555752074309,0.4118959107194207,0.277,-0.8380962649930636,0.30053004168832864,-0.42050724314248394,0.33892492203229907,1.050270727864821,-0.3697543188319097,0.8433848880347227,3.0984524954098873,0.8174978333191825,0.4785,8.396139523749241,1.053927917772495,0.4575196929892789,0.10883529638088846,1.0159235666632858
3,Red,Normal,10,0.0034274229854449998,3.4110403769266795,0.24892282831928167,0.0034274229854449998,2.6253643167469916,0.7698501727226409,2.7311858663774613,3.1882135801931164,0.1435,0.538,-3.4193828175078806,1.2983314300715323,0.5552368334811328,0.2848883020905822,0.7685,0.5517697068163183,-1.406830451752242,2.338338145952599,0.0032401904191209,0.023453821196802876,0.1305503759402529,0.4985,0.9785,0.8461564665230097,0.27325959658122845,0.21,-0.7829353442334575,-0.017051499716339985,-0.2951729583075341,0.3080553169543101,0.6798545105492176,-0.08885627111701123,0.8010332521589786,2.445399700788235,0.9082847538821746,0.4405,8.361757719058744,1.0400066478905203,0.4447631664761016,0.09571328829756119,0.8187732340485551
3,Red,Normal,11,0.0033524822382545,3.108981374984011,0.26973466138903684,0.0033524822382545,2.6255583694455913,0.7662447559094316,2.4485283969139986,3.223298679345169,0.1445,0.5055,-2.7477529770958142,1.222617431325708,0.5414017288418616,0.26552155232623265,0.722,0.5781774698003566,-1.211053608261447,2.2582444836917794,0.0032438146612962,0.08908358500880026,0.12768644860996625,0.4905,0.9215,0.8792456729115313,0.27631578943541335,0.1995,-0.8031706467049592,0.12728195566609968,-0.2724597925981033,0.3698691508940742,0.6604529780700121,-0.12021830883172166,0.8470572712380442,3.1420303610818703,0.8558552692731547,0.416,8.633523279102349,1.035626985231527,0.45859827111385637,0.08763193967055748,0.8229475764939768
3,Red,Normal,12,0.0030704730340938547,3.018103529136555,0.2592111144519268,0.0030704730340938547,2.6257054703283202,0.8795653555159241,2.396820909910938,2.210559775857098,0.1485,0.508,-3.125600703597229,1.4057543103832217,0.5799065323086754,0.25431467124414636,0.7255,0.39118072856101976,-1.3664635566692491,2.4241050542596447,0.0030743233853303,-0.04926789903096667,0.11693897387481852,0.5545,0.9795,0.8977059900870841,0.3501033769331353,0.254,-0.0021409637811922286,0.374334746333641,-1.1293714001819997,0.7300104916750715,0.6212826192256166,-0.2133819208326499,0.7244158225770406,2.388338482119502,0.5621777828836878,0.4715,7.464992440379888,1.0183506651699237,0.42009346765007216,0.1060390718119759,0.9281496061165059
3,Red,Normal,13,0.0034005392949118,3.6272850284107596,0.22421997814936204,0.0034005392949118,2.6258432198979778,0.861400158197219,2.9629356595467913,1.805868021072698,0.1395,0.534,-3.654655102671569,1.3076547796023295,0.580832342674603,0.4193910413538835,0.7625,0.4119874023455278,-1.234389817554549,2.2513464244197525,0.0030310934247008,-0.11451899384054642,0.12950275435387262,0.617,0.996,0.9387510119876064,0.3062295081565601,0.2335,-0.5445114723414598,-0.081574095569477,-0.43572415182371205,0.396915102770833,0.6643493688639691,-0.27966272807238257,0.721667211778791,1.9935541482183974,0.7573648700859424,0.462,7.2857528404377945,0.9436915788369893,0.419167657280979,0.0907307733507731,0.8651685391638261
3,Red,Normal,14,0.0033988628091639003,3.576799579984154,0.4633402030846688,0.0033988628091639003,2.6255773568829657,0.804485806409306,2.4442706982272844,3.6652079522702654,0.2685,0.4945,-2.0166913315389365,1.136057850666557,0.5104263996941064,0.27140442629109657,0.706,0.5801824944477718,-1.2137320518690358,2.225703616833657,0.0030244977840728,0.13631535466446687,0.1294520155776142,0.6105,0.9685,0.9172629435894645,0.37181303110880837,0.2625,-0.7091770317171419,0.13838094547274957,-0.2940221867310596,0.2315918700568955,1.132528881756869,-0.27839306355237975,0.9591463147503072,4.389440443520591,0.994753661889997,0.474,8.852146493193345,1.0896457009058977,0.48957360026096364,0.09010831908534019,0.9585439836282014
3,Red,Normal,15,0.002999022890861877,3.2824084083406446,0.5425595380583681,0.002999022890861877,2.6254256265501734,0.7616451313508045,2.127897385677562,3.260870180975679,0.128,0.4705,-3.360906797551195,1.3283964443095275,0.5507688863763658,0.2596772415277971,0.672,0.520468040656746,-1.2087506127346062,2.411894573703578,0.0029106248268897,-0.04836562405477195,0.11422996943502768,0.6225,0.9665,0.8076569179067713,0.43824404755383267,0.2945,-1.0163373157028186,0.3725390290130007,-0.5867303706073412,0.5507882798811677,1.154511022663083,-0.40333179199217045,0.8156435932754834,2.575374213928708,0.8467737739020998,0.496,8.655592702088597,1.083498049212563,0.449231113582173,0.10504939698794598,1.0541976618375777
3,Red,Normal,16,0.0034064887544515,3.535350538574461,0.20832262187559628,0.0034064887544515,2.625188287412564,0.8086832110972114,2.9258332787529433,2.5759188829191593,0.1345,0.539,-2.8579770737478327,1.3104681796394764,0.5661130147336656,0.36814947044569546,0.77,0.5317611715195425,-1.1228023278700971,2.314852659831725,0.003250855752496,-0.02900922982658474,0.12976169254812725,0.546,0.956,0.8507585486423926,0.24155844152707032,0.186,-0.889414134349576,0.28414592295178204,-0.12568884417106246,0.1636211701185134,0.6095172598215177,-0.29121794243429233,0.766431744011667,3.142447800000989,0.9483231729153478,0.417,8.981043768166387,1.0043844124695216,0.4338869852231351,0.0865052868132423,0.773654916368524
3,Red,Normal,17,0.0036571196849132003,3.552765306682868,0.25695783143590556,0.0036571196849132003,2.62522610930246,0.6343612012800018,2.826479312037552,3.184684130020435,0.152,0.5375,-2.5156657134538136,1.325906012036028,0.5613033054690556,0.3140406622566889,0.7675,0.5859736283462154,-0.9978061220520344,2.3621917690201024,0.0035014176430907,0.036677211413534,0.13930684567759438,0.5515,0.971,0.8060632828425957,0.2651465797700135,0.2035,-0.8588917567283636,0.05476020991212398,-0.1465643059099452,0.4851069298768063,0.7262859946453155,-0.16963892554445636,0.7815679868283076,3.3166047126990583,1.000120313588453,0.4335,8.343468761148017,1.036285692628705,0.43869669448861087,0.07976496603474571,0.8065116277569281
3,Red,Normal,18,0.0032751828560551475,3.309207219579356,0.2541713380356732,0.0032751828560551475,2.6256843794464695,0.7890251056284302,2.6385607127148463,3.251906433721478,0.141,0.5215,-2.415022690587932,1.2605628805341733,0.5483435967256083,0.2667540578417223,0.745,0.5399781829956026,-1.360913355258581,2.2988559114558065,0.0032496360258069,0.026958782952734434,0.124736349942443,0.5295,0.9515,0.9079571685200598,0.2771812080164857,0.2065,-0.9894173637581506,0.1909025656975563,-0.21842276199380276,0.37426853989254705,0.6706465068645092,-0.14463253847772625,0.8236740720455087,3.492937657410575,0.8674592372419986,0.43,8.43552369980489,1.038292960961366,0.45165640323089173,0.09897781158718096,0.8245445827757345
3,Red,Normal,19,0.0031635525577598167,3.42653564817705,0.20616697635769984,0.0031635525577598167,2.626032523207148,0.8166019947967785,2.8408468440278893,2.6203360143286036,0.138,0.547,-2.6176130051408393,1.3331080916210125,0.5731041265612348,0.33625389079979895,0.781,0.5039332507544203,-1.190283909053771,2.3261185389973673,0.0030897069122878,-0.04290072631139086,0.12046890241007874,0.583,0.9745,0.8649688133298685,0.24775928293882724,0.1935,-0.9274038596745569,0.32680410527403636,-0.20048326496197846,0.4179503728108843,0.5856888041491608,-0.4059300694982303,0.7448836146499804,3.24820164885126,0.8810981802828644,0.4275,8.502534879677796,0.9930103740802855,0.42689587339577506,0.09067066911782044,0.7815356488516387
3,Red,Normal,20,0.0031432887002589066,3.2309645086521597,0.34055577041089347,0.0031432887002589066,2.626216620102552,0.8121490829867543,2.410167916869122,3.944438498557509,0.2595,0.501,-2.489750024546197,1.2276976277902567,0.5377078238597084,0.21435596323559764,0.7155,0.5417293598616336,-1.3469129311115577,2.283205882813738,0.0030693719722336,0.07249065075689264,0.11968885872089541,0.55,0.948,0.9421396257453026,0.32494758905311705,0.2325,-0.7661613032943367,0.16084103670851033,-0.340206559210487,0.4129815579409757,0.8207965917830377,-0.2717052093994592,0.8597460471013222,3.3238941324952767,0.8455139141763132,0.447,8.275665498301464,1.0555081826143182,0.4622921760964936,0.10516667641554932,0.8922155686841885
3,Red,Normal,21,0.003186888722376398,3.1420399016251004,0.22919187548620693,0.003186888722376398,2.62602664978486,0.8150503899039107,2.5561834277169684,3.120114937792031,0.1385,0.5405,-2.5481119078526717,1.3383285516483145,0.5679241206794349,0.2653166617747114,0.772,0.5384665796262766,-1.3777006427275378,2.3565271217067068,0.0032565455183569,-0.023236600234490302,0.1213578210455758,0.4895,0.9755,0.8218884520858127,0.2636010362352848,0.2035,-0.9358916464493148,0.12868135534526426,-0.13659103407747403,0.4043530074432313,0.5858564739081322,-0.1011730763534911,0.7607986058576486,3.4171498812905092,0.8278184799604046,0.435,8.707280303775406,1.0181984963496036,0.43207587927812974,0.09546159683196047,0.8048103606281573
3,Red,Normal,22,0.0030505047576850587,3.127490863293526,0.7543036951850112,0.0030505047576850587,2.626264446072651,0.6223960944948533,1.782753392016464,3.440392663364467,0.118,0.4565,-3.5155513512731886,1.2131913300668233,0.5072928126099281,0.25342716043759317,0.6515,0.5800104827389353,-1.2963592037610334,2.3915011991266186,0.0029673361992992,0.0224445884446382,0.11615375451358936,0.5135,0.9765,0.748809895008977,0.4988488103608828,0.325,-1.0081957272016768,0.4859315227035309,-0.6495577023130324,0.44238341392766567,1.344737471277062,-0.04722569213715545,0.9712481136343268,2.5796362386991953,0.8718889438108245,0.52,9.068843665010206,1.178309790902047,0.4927071873482572,0.09883908886843742,1.1391018617438988
3,Red,Normal,23,0.003052922280795997,3.093718034966373,0.21233965753186523,0.003052922280795997,2.626506941012276,0.8133777386851054,2.5518574895450232,3.2688183152001113,0.1295,0.5415,-2.4595985985867515,1.3054326374255059,0.5679640151203789,0.26240222646033007,0.773,0.5611473227250994,-1.2729968770882192,2.2984425865810936,0.0030687672672419,-0.041247397467884674,0.1162350737783751,0.5335,0.9565,0.8857113780541023,0.23738680462647,0.1835,-1.015206175848842,0.3360412442580463,-0.23415187066788118,0.2596938793201624,0.5418605454213495,-0.21654532150710376,0.7606749253497146,3.6917811793854267,0.8577452041296961,0.415,9.080299815474518,0.9930098740987952,0.43203598483611355,0.09485284613825762,0.7663896582148865
3,Red,Normal,24,0.0028559703753264394,3.0439004811381087,0.23241097899649263,0.0028559703753264394,2.6266053361180015,0.8474071652094418,2.4698745248061695,4.164110285581697,0.1365,0.5375,-3.235541220972891,1.3022363089836857,0.5570115944695985,0.19768779333417433,0.7675,0.5520536967595615,-1.4679199483966279,2.3378981107830765,0.0028717884781504,0.03067001189868361,0.10873237543325394,0.5395,0.963,0.9366366809424569,0.25472312700264194,0.1955,-0.8095565739218402,0.23874530452362824,-0.29189406257121164,0.3413895891920443,0.57402595633194,-0.26610197197996055,0.7952947655882032,2.7741694201251,0.8231937739731952,0.4255,8.97593951305464,1.0356617201731568,0.44298840548762813,0.1117128861827974,0.7916279068294646
3,Red,Normal,25,0.00294093699470441,2.9718235622283946,0.22792896162719814,0.00294093699470441,2.6266885756038376,0.8944856102659045,2.420191766034633,3.602396377656455,0.138,0.5345,-3.0219945387826215,1.384173860667993,0.580658251290288,0.2129883984468001,0.7635,0.5197243023619242,-1.5538700336551008,2.3838013228288117,0.0029272420944276,-0.040049358240995155,0.11196367250793587,0.523,0.966,0.9158735258219908,0.26522593316761944,0.2025,-0.8159780267579921,0.15280351122237584,-0.13442145552107138,0.36477843191704995,0.5516317961937617,-0.14375171004240225,0.7221833973867456,2.7298215314331205,0.7672686354078421,0.4315,8.249505760115085,0.9996273813433574,0.4193417486677623,0.11016925731419605,0.8072965386702906
3,Red,Normal,26,0.0031656893650065998,3.255311893183558,0.2676262815278969,0.0031656893650065998,2.6265453709670097,0.8206741727694644,2.5680375522295886,2.838682161239449,0.2375,0.5285,-2.85490404250649,1.3161432168692981,0.5795679938128958,0.2947902601928929,0.755,0.5226965716641243,-1.3654304571940883,2.270903970380171,0.0028555316669754,-0.09643995430281374,0.12052673446568211,0.5555,0.9715,0.924020493358825,0.2867549668494364,0.2165,-0.9337378972721229,0.14092025020156956,-0.3192949563202926,0.5261068516622415,0.6872743409539698,-0.21890130089639748,0.7254230920261175,2.7167671152942807,0.836815853200569,0.443,7.756109420274015,0.9547606820030696,0.4204320061430689,0.09598811763547718,0.838221381109135
3,Red,Normal,27,0.0033800140871862003,3.44943917934034,0.20921484029112658,0.0033800140871862003,2.6267843450750137,0.8316505266409246,2.852627229160488,2.8983821729609653,0.1355,0.542,-2.6932971016545935,1.3797358062701257,0.5757495015270662,0.33571471056414826,0.774,0.5615166848151546,-1.1781140844031248,2.3964169195726717,0.0030269925599556,-0.013289050078509078,0.12867497453282567,0.5155,0.9525,0.8634828578733557,0.2306201550089638,0.1785,-0.9838294031255047,0.37976380847199476,-0.24323179675909254,0.29743375803948613,0.5968119501798519,-0.21010058927977324,0.7368664623681171,3.466359120434847,0.9730295325897158,0.4105,9.335934972707776,1.016681042642576,0.4242504984312048,0.0876229053623948,0.7573800736609999
3,Red,Normal,28,0.0030021799022984,3.3191990546237653,0.2259853497204155,0.0030021799022984,2.6270785892408433,0.8320156716773461,2.707372527215033,3.0668232165552523,0.137,0.5325,-2.3045430335301376,1.2884607859361994,0.5543681678809177,0.27972374059694377,0.7605,0.5185369650450143,-1.238530737737851,2.324196992757699,0.0026490739877847,0.0075638716274365955,0.11427826767267259,0.5785,0.9575,0.9365945557325358,0.25904010515988957,0.197,-0.9216773457725445,0.28669092362414256,-0.2803149560563697,0.31319913573226116,0.6118265274087329,-0.3969694304248434,0.8038553760128511,3.848799155892047,0.8578632621910685,0.425,8.86972328255257,1.0357361296369427,0.4456318320760568,0.10438327037991134,0.7981220655778175
3,Red,Normal,29,0.0027897925827329003,3.0768046942776452,0.33345014673652873,0.0027897925827329003,2.627168540690678,0.7606373200468265,2.307401369128376,2.4520674829638205,0.316,0.511,-2.9350724542248656,1.2635779728384668,0.5440532993828345,0.29914959811173963,0.73,0.4842913119054321,-1.2070593566113883,2.3225261557718464,0.0024573321542248,0.043851917242992165,0.10619008789947211,0.5755,0.981,0.9689416313063189,0.3438356163912554,0.251,-0.6771272137232371,0.06322430867023222,-0.3697648585096622,0.5462908473753547,0.7694033251492692,-0.24217489283047144,0.8380552071924643,2.56110995676037,0.7335350023166987,0.47,7.51704328658451,1.058948099914781,0.45594670057410897,0.09602539383545766,0.9197651661605155
3,Red,Ischaemia,0,0.0019733815748433,1.9416425094246108,0.21849674001710023,0.0019733815748433,2.6366694896829292,0.8310420132724321,1.593473700533259,4.727767598779935,0.127,0.5475,-2.338391234562664,1.2387078607861568,0.5460715952435901,0.12047537141197623,0.782,0.6160262168099347,-1.2056050987758293,2.2683983824977068,0.0017658478879464,0.18166783941816447,0.07484372169094897,0.612,0.9615,0.9812863876582625,0.2295396419143811,0.1795,-0.8184446462792746,0.48398757220151106,-0.4643237203512055,0.3997128011969888,0.3481688088913518,-0.21550874388927432,0.8312617038306004,4.094020617894714,0.5695795578852965,0.414,9.573421927413222,1.029690406988585,0.453928404712326,0.08665553083600593,0.7561643834235315
3,Red,Ischaemia,1,0.0017181791121912559,1.786292827486719,0.22228500161355724,0.0017181791121912559,2.636617660555906,0.80347038665754,1.4614372467193637,2.6556422709004406,0.133,0.565,-5.205866634070389,1.8137954111180736,0.6587933993119532,0.1811345178349447,0.8065,0.5541837314701942,-1.425496529198664,2.753208393299219,0.0016800021664641,-0.10122644665857705,0.065166032141491,0.6835,1.0075,0.970693145301328,0.24922504646630814,0.201,-0.8296452656870451,0.4142121942832281,-0.46835346090066826,0.43642497831240995,0.32485558076735493,-0.09929549896604,0.5179265623931141,1.5395071809172813,0.4810284825472131,0.4425,8.014469066202992,0.9394128222165816,0.3412066006517258,0.10042020992725355,0.7831858405693477
3,Red,Ischaemia,2,0.0019749952406063307,1.9447547579269715,0.2109297505007897,0.0019749952406063307,2.6368354914330046,0.5480512552421165,1.6060013036277367,3.1287145398002254,0.123,0.5565,-4.040078889578808,1.6583069880741341,0.6193239949316249,0.1951233926219862,0.795,0.67237988194272,-0.9500014262672103,2.677608304187481,0.0019224521551132,-0.0075273092891850885,0.07490020696960913,0.6155,0.963,0.9044568413819576,0.2113207546903999,0.168,-1.1224026056748266,0.4226658974497267,-0.47343701603308735,0.5661245078844621,0.3387534542992345,0.05942617837330796,0.6146637432481532,2.5018559439495536,0.6104853958644277,0.4065,10.10769538416804,1.0193011808056842,0.3806760050310285,0.08051490932355328,0.7304582208929994
3,Red,Ischaemia,3,0.001806368882365951,1.8013929918716982,0.5003245754786144,0.001806368882365951,2.636728474913074,0.7395896359563914,1.200668856102026,3.64084618924556,0.108,0.493,-3.553586179382023,1.272923976337002,0.5463972732089808,0.13159204461420015,0.704,0.5685500821982884,-1.3738613913398185,2.3296676411796,0.0016896493047045,0.046003128035396613,0.06850795974951475,0.4665,0.984,0.8816270434165199,0.39772727267077745,0.28,-0.7170140252146817,0.42272033105066537,-0.6562762933354637,0.8446648800440367,0.6007241357696722,0.008675886284211518,0.830170187432415,2.061066131037749,0.47910639453272696,0.491,7.324176118254229,1.056743536105921,0.4536027267480948,0.09537080547274175,0.9959432046661373
3,Red,Ischaemia,4,0.0017175453219733991,1.6985500272210303,0.25211759763420816,0.0017175453219733991,2.6367708666408873,0.7531096465578262,1.356541933764939,4.251873286015892,0.153,0.5435,-2.987805461531167,1.2976898267906969,0.5563249788650936,0.11844007835331313,0.776,0.6312236463141623,-1.2676086627045222,2.3326112460517257,0.0017466992780604,0.009510469188084977,0.06513820914959997,0.49,0.9695,0.8862530693756309,0.24935567007095932,0.1935,-0.8910281434163067,0.34779763587494605,-0.37181000577500095,0.37154986605217055,0.3420080934560913,-0.11880334436720943,0.7975105161787743,3.039730275137314,0.5035922055692685,0.426,9.082122717940877,1.034921283683544,0.44367502109203605,0.1009219096710864,0.7838086475098788
3,Red,Ischaemia,5,0.0017658209838854718,1.7095425867852962,0.2194323473646266,0.0017658209838854718,2.6369815207783964,0.8091499623466623,1.4019167118683762,5.292984784772063,0.131,0.551,-4.857533229655473,1.6439261844401543,0.6212479254612243,0.08940554446486554,0.7865,0.5686533089857546,-1.472241996808685,2.6461678340256025,0.0017460968157062,-0.03734442107058264,0.06696372234331262,0.573,0.981,0.8819638655151708,0.24729815635762262,0.1945,-0.9319745855878176,0.3674501087328648,-0.37493610701164537,0.5130321954112723,0.3076258749169199,-0.13472445850682055,0.6096633227334388,1.8581214724942237,0.47322218705609387,0.43,9.025886797562862,1.0022414999952547,0.3787520745009852,0.10598731401464472,0.7803992739055536
3,Red,Ischaemia,6,0.0016854651307670985,1.7540845415886002,0.19903714956217503,0.0016854651307670985,2.6370142965490837,0.8729916950507058,1.4629109216584284,3.930894361647229,0.131,0.5195,-3.6815196817651668,1.3728363244926576,0.5747395203855896,0.12095464298925043,0.7415,0.5353882352930334,-1.4662757742415642,2.388623640894493,0.0016467882897076,-0.012317177283015875,0.06391566147020358,0.5345,0.912,0.8811941259760228,0.22993931217397987,0.1705,-0.7897410973292742,0.30264561512195104,-0.2268159755699813,0.2578613939395464,0.29117361993017166,-0.37150509957847844,0.7399186317590679,2.6898092959787663,0.47545992453458746,0.3925,9.902585863609715,1.0157871749217469,0.4252604795725452,0.11251002703887085,0.7555341673232852
3,Red,Ischaemia,7,0.001822185396390381,1.8315899651699636,0.3014279437226009,0.001822185396390381,2.6370116682351608,0.7551419945464146,1.4073694774838983,3.65256781541123,0.2085,0.531,-4.779641113022137,1.390851024759118,0.5693523067025946,0.1062617555209721,0.7585,0.4552040946425055,-1.4770293584896665,2.4428654885881613,0.0017572226300807,-0.011552357623601194,0.06910039186670688,0.569,1.0235,0.8770010220839848,0.3493737639618492,0.265,-0.0788437564386792,0.23178804237602846,-0.8004645489571707,0.6856817789510835,0.4242204876860655,-0.08037353288555175,0.7563817484460618,1.5573876582757635,0.388128268590256,0.4925,7.443754080563849,1.0520143300109366,0.43064769325646984,0.10985992280459848,0.927495291727402
3,Red,Ischaemia,8,0.001775983875862005,1.8343948029153234,0.4077326479578399,0.001775983875862005,2.6369202970251027,0.7486051046370525,1.3030846485912346,3.885116176689988,0.211,0.5055,-3.7356099577307305,1.317553814175501,0.5535976709604451,0.1262500375729093,0.722,0.568023796578271,-1.3747828760782768,2.379984521773373,0.0017123644291311,-0.000527022165410046,0.0673506847286309,0.4535,0.977,0.9552109056620598,0.3531855955189494,0.255,-0.6599269972653358,0.2584277451837202,-0.3993850535829199,0.28758877325379617,0.5313101543240887,-0.01263460684400282,0.8063659808922,2.115815443456002,0.4904960636707404,0.4715,7.903861239506284,1.0624305738265238,0.44640232899753785,0.11523263899808013,0.9327398613387261
3,Red,Ischaemia,9,0.0020250500433777623,1.782555913555449,0.3236870351758673,0.0020250500433777623,2.6371487315745163,0.6942512545652556,1.3466596454850424,5.073537350266068,0.181,0.5365,-3.575982043250292,1.3969976080850115,0.5728568860437142,0.10515051941917929,0.766,0.6681441077819129,-1.1655567235460156,2.4386504045047888,0.0019638251994185,0.03470993991440272,0.07678937555000592,0.4245,0.9875,0.7392736184092344,0.28916449082386886,0.2215,-0.670185853052203,-0.11415166260752013,-0.6792193353668992,0.7732065538459205,0.43589626807040655,0.1633734387031196,0.7456366926732011,2.1323981159770478,0.5334850881804373,0.451,7.625417372007917,1.0416526762394445,0.4271431139152797,0.08661709050370643,0.8406337370287729
3,Red,Ischaemia,10,0.0017713386807606001,1.8196019514914874,0.17731205782278128,0.0017713386807606001,2.6370447903843295,0.6791251388792252,1.5455562009946369,4.248309156006947,0.1165,0.577,-4.849934700188271,1.9796283050954928,0.6727893640342901,0.12471203395854119,0.824,0.5952697954899723,-1.400687494231041,2.9424193104340413,0.0016668679336149,-0.06431723478139675,0.06717135359825532,0.54,0.989,0.9247976469526912,0.20024271842230065,0.165,-0.9669179056889557,0.5544283915792829,-0.6149475644737692,0.9483940742839143,0.2740457504968504,-0.23871607199914413,0.4863492995090191,1.9846535521196003,0.5298152761551507,0.412,9.625440130475226,0.9627908395200546,0.32721063593172434,0.09752851896989637,0.7140381281258166
3,Red,Ischaemia,11,0.0019734984001040998,1.7810192702705834,0.19888284135490022,0.0019734984001040998,2.6376003292853536,0.7418458690302394,1.4855657357126753,8.51824398232194,0.126,0.5695,-4.8947976839051535,1.5927957875096863,0.6093017715272622,0.0689220827538499,0.813,0.6633961643501078,-1.2543920645140287,2.6141330001491077,0.0018689861748999,0.07991530378322138,0.07482173770292139,0.5325,0.9665,0.783625431965679,0.1888068880456572,0.1535,-0.9578229890507964,0.6633041269029819,-0.5650895543966065,0.3602702357084931,0.2954535345579079,-0.24603497623454745,0.6412228663485414,2.1856461086720156,0.587095117518901,0.397,10.698295510782657,1.0213370804389656,0.39069822843448426,0.08339547591077116,0.6971027215632831
3,Red,Ischaemia,12,0.001668516560219422,1.7400729250624671,0.25901872247525176,0.001668516560219422,2.6376297292523896,0.7975783225516704,1.3820866155314615,2.233010844659687,0.1325,0.488,-4.189093275868629,1.322360158202121,0.5738331076055686,0.18018974357557002,0.697,0.4582925642879599,-1.0132666107216246,2.3044335012037775,0.0016075833378029,-0.07164773509396605,0.06325817993525151,0.602,0.9095,0.9939057169804191,0.30487804873674634,0.2125,-0.8174639966710958,0.27643482575586814,-0.5503375664023787,0.46249755369214934,0.3579863095310055,-0.4633724269976912,0.742666964785413,1.959966794440408,0.4023656517239971,0.4215,8.210483719712101,0.9820732051193946,0.4261668923510368,0.1020945725581156,0.8637295080197276
3,Red,Ischaemia,13,0.0017589119474857719,1.8266445527969375,0.23643669013604593,0.0017589119474857719,2.637624946200004,0.8966342161863718,1.4773458013222716,2.555490620187712,0.131,0.5285,-2.5032317609022243,1.3572105404735746,0.5548022260391517,0.11893439620969336,0.7545,0.3574301335113121,-1.5919142351931581,2.446296272337837,0.0016717572700484,-0.007469904608936566,0.06668544555408193,0.526,1.0225,0.9764667045655014,0.35520212056259753,0.268,-0.09518568124344935,0.5907219562202815,-0.8317419700696137,0.4476332569783225,0.34929875147466605,-0.03998224852462646,0.8024441016856165,3.4264044835672327,0.3039357341871094,0.494,8.577084529305921,1.0890855930288121,0.44519777391996995,0.13416736851961553,0.934720908053979
3,Red,Ischaemia,14,0.0019201759455662283,1.7500203386851747,0.2361282495291134,0.0019201759455662283,2.63759047564945,0.7193687630392771,1.4157271620709333,5.374656857241639,0.136,0.566,-3.0805935043083537,1.2964256276645034,0.5565926143375923,0.10211092234206284,0.808,0.664217793056817,-1.1937425555730874,2.329218285690109,0.001845778607358,0.10649622926886586,0.07280038213743648,0.5535,0.9955,0.7766279230801703,0.23205445541682493,0.1875,-0.9111709262332495,0.34355156299215084,-0.31973087098492253,0.4328596791683463,0.33429317661424174,-0.08357428296237943,0.7966461899839926,3.005297832123969,0.5488111695025022,0.4295,9.258100980453605,1.0327925369561974,0.44340738561947496,0.07850388086755125,0.7588339221274145
3,Red,Ischaemia,15,0.0016949847281636887,1.7225571057285984,0.25003760820122967,0.0016949847281636887,2.637482443806921,0.8159449750069551,1.3780042251547195,1.842549741588794,0.169,0.527,-4.3022846476450525,1.625605504693123,0.637236729010311,0.22686916303772497,0.7525,0.48346915576780874,-1.062642464733604,2.551023075676055,0.0016178051277832,-0.12543995474339534,0.06426525158790806,0.5555,0.9705,0.8989948788904104,0.2897009966392424,0.218,-0.6644283970797792,0.32141236581094673,-0.3119557389679385,0.5319608311246797,0.34455288057387856,-0.23598538407751973,0.569275521032159,1.6847526116890124,0.4180177179138811,0.4435,7.24828529651802,0.9254174207338509,0.36276327095048905,0.08219983818105217,0.8415559770699135
3,Red,Ischaemia,16,0.0017697795087510148,1.8613300555453127,0.8882260953340579,0.0017697795087510148,2.6376179120968004,0.7086059869401214,0.985755921950221,2.5318622006130185,0.129,0.409,-3.4395498447379396,1.2013735114475126,0.4645811376593819,0.17888369037973828,0.584,0.452583089621153,-1.2597531264028892,2.585928445602105,0.0014733786690349,0.006256056762945247,0.06709764521112967,0.541,0.967,0.7582585872107727,0.6558219176959209,0.383,-0.9389433873985427,0.6438463277731509,-0.416595715375724,0.5228466220378721,0.8755741335950918,-0.25812336606690495,1.1524765403840704,2.3944193177656756,0.4529088542318082,0.558,8.235724592897895,1.3845547882973395,0.5354188623019472,0.08942878822572771,1.3643031781505373
3,Red,Ischaemia,17,0.0016781155395270886,1.8804960032116813,0.4475617467178034,0.0016781155395270886,2.6372209325335687,0.7860506981251428,1.2990782655252913,3.1566700976668476,0.251,0.494,-4.592399841152599,1.37246756305308,0.5620265225418307,0.14927091184193844,0.7055,0.5105582853230104,-1.4039033626362334,2.4419980011596656,0.0015877073276004,-0.0003688930564686083,0.06363196646749263,0.584,0.984,0.9287930955883188,0.3947554925025152,0.2785,-0.7135973847058812,0.23418942549019295,-0.44691779041162943,0.504932662129622,0.5814177376863899,-0.2395768350411773,0.779275460888432,1.683812136707011,0.47119902417857823,0.49,7.732738589312476,1.0695302928305397,0.43797347741721926,0.10756111502242965,0.9919028338073071
3,Red,Ischaemia,18,0.0019042979725499537,1.904396566947557,0.21110657296298174,0.0019042979725499537,2.637675998975027,0.751985273765533,1.5724434244191454,3.9834255388330564,0.135,0.5665,-3.4283203364576593,1.4758481672046764,0.5889845241571836,0.14192855018412837,0.809,0.599951506227127,-1.3332778457159509,2.5057504636662324,0.0018370822405417,0.01049755551085174,0.07219605339009597,0.561,0.9905,0.768202418807433,0.22435105065211974,0.1815,-1.0419452847293051,0.3745133688187605,-0.25969376647985765,0.36089236719433054,0.33195314252841185,-0.16389854834333092,0.6978374794536539,2.7381105610538787,0.5653618118913486,0.424,9.387120120204315,1.0299021651281899,0.4110154758029082,0.08717202813875077,0.7484554279349593
3,Red,Ischaemia,19,0.0018237190472223028,1.788999134034718,0.7562697946986854,0.0018237190472223028,2.6376818829001074,0.6182559743500696,1.0186357126673815,3.1688742974285056,0.109,0.4235,-5.078974030024142,1.348994551416618,0.5165525872836277,0.15498240695438628,0.605,0.5532383860240829,-1.038479985929648,2.6115339626762686,0.0016481094034964,0.03600354558317264,0.06914097787819656,0.548,0.9175,0.6627626323447613,0.5165289255344581,0.3125,-1.0231168268711155,0.6433179442861607,-0.8028111247088722,0.8653341891742313,0.7703634213673367,-0.2840584356772671,0.935911317731514,1.971349563621681,0.49111976626824705,0.494,10.012433237931077,1.2625392683225507,0.48344741267808056,0.08816661477855729,1.1664698934671853
3,Red,Ischaemia,20,0.0017117927812748367,1.6755445057685092,0.23581207471808194,0.0017117927812748367,2.63744326055961,0.9145676638451213,1.3558246759541976,3.950792854047273,0.1475,0.5765,-5.0766759428444175,2.0150561918356784,0.6584618000824007,0.11430867696803722,0.823,0.5485523080363008,-1.2381372098435257,3.060247851936572,0.001724509702603,0.08419735844924876,0.06490349221187518,0.6165,1.0425,0.9149020298858684,0.2667071688618825,0.2195,-0.7494341835220699,-0.12656106594758496,-0.648537553379468,1.0488521048223978,0.3197198298143117,-0.04465287766616109,0.5186909853012464,1.6461602989985467,0.4516099045159988,0.466,8.35702238815611,1.0451914816324945,0.34153819988492207,0.08498239794924325,0.8083261056707154
3,Red,Ischaemia,21,0.0015990511204383622,1.5937848202952507,0.2316694551201952,0.0015990511204383622,2.6374589237320554,0.8330096315370075,1.2940036903947991,4.15216533041996,0.163,0.538,-5.673842053297562,1.5204033326974284,0.621577358394763,0.10401416971120868,0.7685,0.5438712231626929,-1.2907493471478253,2.4460405563859364,0.0015849884018044,-0.11503478146960829,0.06062847485469254,0.6285,0.9625,0.8838959049723539,0.25243981779408725,0.194,-0.8231225654971328,0.3536153202524267,-0.3565359046658982,0.4632943734997565,0.29978112990045186,-0.39857434724290614,0.608810209105347,1.3828787664976672,0.4318840297625151,0.4245,7.846235700105012,0.9256370709648689,0.37842264156435457,0.0991611172597186,0.78903345710241
3,Red,Ischaemia,22,0.0016611086609843997,1.8382313480016337,0.6425554235204542,0.0016611086609843997,2.637654431202823,0.7358844915714581,1.1191289630870025,2.6366907620335125,0.112,0.4565,-2.88276032676049,1.2718161498035856,0.516816638232586,0.19343989608805767,0.652,0.5613073598161565,-1.1862712419824948,2.460865483236736,0.0016062090597894,-0.020730821040059497,0.06297673574183575,0.513,0.956,0.8388852550517395,0.4662576686401445,0.304,-0.8857368271904671,0.46206541128968914,-0.44537657876899933,0.30151355926972023,0.7191023849146312,-0.2511984079566747,0.9349222256875883,3.5589697315528777,0.5100411872877734,0.4995,10.259656746617964,1.1890491855332797,0.483183361726778,0.09845232688308925,1.094194961425149
3,Red,Ischaemia,23,0.0017110167703190517,1.9039971269102824,0.2246294087281516,0.0017110167703190517,2.6378538634056485,0.8840661161364172,1.554753718404681,2.822956549380979,0.1485,0.5595,-3.9095597750902016,1.4037959779996558,0.5789682250266697,0.177192209015741,0.799,0.5287179753994337,-1.4850714663381692,2.424651300649985,0.0016365091878912,-0.016013943593084497,0.0648639711998734,0.5205,1.0035,0.9404215167611718,0.25594493113192174,0.2045,-0.7480816102638798,0.48804036099537834,-0.22943411431830854,0.44915655486792466,0.34924340850560154,-0.12905280598324043,0.7272105043117006,2.09386867559251,0.5002059072225651,0.444,8.186104748627258,1.0208551811845878,0.42103177493208704,0.10582580618211337,0.7935656835042778
3,Red,Ischaemia,24,0.001851516922487484,1.6450886869018069,0.29654003850957655,0.001851516922487484,2.637714828957173,0.7959331368546713,1.2688298378839473,6.0130968606569795,0.1395,0.535,-3.482716178399869,1.3524464893302408,0.5659388548495647,0.08734932091115863,0.764,0.7248879341420552,-1.5652937064766403,2.3897397229303596,0.0017768913893631,0.152105086500177,0.0701939763196195,0.477,0.962,0.9658539459541685,0.2591623036309997,0.198,-0.9637809774757405,0.3339499541727766,-0.3683418624756753,0.35647713050509783,0.3762588490178595,0.13176149867419443,0.7669753390441365,2.5782913487091887,0.5252399279527167,0.427,8.97945699303574,1.037293104769811,0.43406114510858973,0.10509144915286334,0.7981308409723119
3,Red,Ischaemia,25,0.0019366271500317,1.7425088338998391,0.21690231785537475,0.0019366271500317,2.637980797785849,0.8878605813624976,1.4319216984885725,2.1222213548793323,0.15,0.5325,-4.875156498776505,1.782776656663351,0.6788392486808724,0.20943764028261638,0.7605,0.4944192100274749,-0.8250823919541999,2.6262134252508975,0.001753342475367,-0.20482012048157153,0.0734132390798207,0.6265,0.957,0.8884563541021178,0.2583826429640523,0.1965,-0.8282259442390115,0.21104203806963853,-0.5362858186129187,0.631385438895468,0.3105871354112667,-0.3033717512059759,0.4731028028905489,1.4181291494339425,0.44447303293552654,0.4245,6.913601539109095,0.8434366332425833,0.3211607512810497,0.07314612200376461,0.7971830984418435
3,Red,Ischaemia,26,0.0018668669292058,1.9674423737261093,0.2281133944428408,0.0018668669292058,2.6380363000537894,0.7950391387636859,1.6020038398782135,3.1278478505567757,0.1345,0.557,-3.5126332819160666,1.4835939146511097,0.5885606084798726,0.1685937963238856,0.7955,0.5482121766339387,-1.4118630359902242,2.5207157470925945,0.0016835088253137,0.07583998783284882,0.07076729494195995,0.5495,0.9995,0.938351217557676,0.2564424889683919,0.204,-1.0073461100147687,0.25975751171828054,-0.4304005533727002,0.7189576594647588,0.3654385338478958,-0.14020175075377603,0.6990603610312701,2.4268973083952625,0.5273357437616573,0.4425,8.52480025750441,1.0371216976697062,0.4114393914804564,0.09415379591761369,0.7944344702343923
3,Red,Ischaemia,27,0.0017153717133705998,1.9021162152625277,0.21046800495996595,0.0017153717133705998,2.638198744309703,0.825507106165191,1.57138908872225,2.984050213056148,0.1335,0.5645,-4.507433977947471,1.6686791095157427,0.630228343570706,0.17657048033426093,0.806,0.5647004906557684,-1.2629635466054878,2.6477374805289604,0.0015787899255125,-0.055584622200896626,0.06502056439096723,0.676,0.993,0.976876864779569,0.2320099255295273,0.187,-0.7663747606665269,0.35947525363045485,-0.3957350700530403,0.3608726270494268,0.3307271265402777,-0.26743347478507795,0.5867264780164259,1.9591639725662033,0.5268951797592828,0.4285,8.830802258511369,0.9790582169244301,0.3697716563915258,0.10014462398440724,0.7590788306892685
3,Red,Ischaemia,28,0.0019597103465543,1.9701798305250002,0.6182299776532098,0.0019597103465543,2.637891775848882,0.7326300260439614,1.2174906272100905,3.331030106002004,0.1185,0.4565,-3.4339586237508684,1.2631324747299628,0.5422957915720064,0.15442006637249137,0.6515,0.5395530274478237,-1.2767450546180878,2.3292316824788792,0.0016076366222651,-0.03721344248389694,0.07429077888721831,0.5195,0.9535,0.7581187504895714,0.4635456637814972,0.302,-0.8673473607006699,0.6004074953900213,-0.6353076038462054,0.9576451310230052,0.7526892033149096,-0.21685922545390424,0.8440120972025861,2.432239336614815,0.5143778903906995,0.497,8.35220924523776,1.0660990891259297,0.45770420838506115,0.09842739460816398,1.0887185101667647
3,Red,Ischaemia,29,0.0018708502577865,1.7789706942343795,0.24474247795815285,0.0018708502577865,2.6377616748878108,0.8416247938333971,1.4291877442216707,1.9553947616020737,0.1355,0.48,-4.225899978581936,1.2616429278672232,0.5496115860482151,0.22936311725107228,0.6855,0.5068705011949682,-0.6213811416170572,2.2955174656967525,0.0016647164933309,0.1658497012211251,0.07092567442792742,0.659,0.8765,0.9209960670792116,0.27862873810669164,0.191,-0.8687728333401107,0.21782332669040494,-0.35024134843805227,0.47716642870049375,0.3497829500127087,-0.4502665420514864,0.8194667385214333,2.177035249314179,0.44849543817300846,0.3965,9.199933213666611,1.033874415359932,0.45038841390822154,0.07407082278511773,0.8260416664945747
3,Red,Congestion,0,0.0027434425424803822,2.97095878100097,0.38067909995101046,0.0027434425424803822,2.587744000666848,0.9465361071732162,2.1518097732255947,3.401094885532704,0.22,0.4865,-2.706056615416742,1.2599646712527237,0.5425744193115393,0.21621701373425886,0.6945,0.5014771551024924,-1.4239286574396852,2.322197051968689,0.0026626001629844,0.05865900054603541,0.10601676756539266,0.548,0.9455,0.9673341425836248,0.3614110870609919,0.251,-0.6507790702117064,0.1927845790698061,-0.3175359774765955,0.2982776406458197,0.8191490077753752,-0.275885424452365,0.8430651433761118,2.957818513166346,0.7353745799168517,0.459,8.004024355051683,1.0622322963028197,0.4574255806453981,0.11368966145421874,0.9434737922007248
3,Red,Congestion,1,0.0030734786214966997,3.1305985099779834,0.23507863335210752,0.0030734786214966997,2.587920511601715,0.8369660789208956,2.534736190405762,2.6112604325956577,0.1315,0.517,-2.330088369381201,1.3040214418982432,0.5726600562681582,0.27799130206419426,0.7385,0.46499283851368023,-1.3524938903770707,2.277130157526016,0.0029273934159588,-0.07618893605436042,0.11876248159862146,0.544,0.954,0.9620454182164847,0.2918077183084891,0.2155,-0.7563836663129472,0.2595585175538717,-0.4456563606351105,0.6027513589897973,0.5958623195722218,-0.21769032851295403,0.746236687852813,3.360749923940362,0.7259076879471041,0.437,7.830844310508269,0.9731086417658181,0.4273399436879268,0.10448674882869745,0.8452611216933731
3,Red,Congestion,2,0.0031333502023846997,3.3283812585100807,0.23158250921125792,0.0031333502023846997,2.5881877559318283,0.7803051611999482,2.7025239751241,2.9712575465174718,0.143,0.5435,-2.361398568321235,1.2567080918494868,0.5480127189276182,0.2991952754026592,0.776,0.5417565927045571,-1.1855075141216114,2.2932097894291585,0.0029871968192555,0.0338145009296355,0.12106348139088281,0.585,0.9765,0.9001679700976658,0.2583762886264979,0.2005,-0.8953090262496504,0.3311785798653989,-0.26393847941860205,0.37049375481205155,0.6258572833859805,-0.2720546212574753,0.8247751655787892,3.6712926204196807,0.8889862202196503,0.433,8.669385138114478,1.0365016246218421,0.45198728102877467,0.09027767604520139,0.7966881323281163
3,Red,Congestion,3,0.0028492968715180898,3.022356186414604,0.2182392403031087,0.0028492968715180898,2.5885284444873706,0.8554513558752488,2.480921715869857,3.8823350913016093,0.1365,0.5395,-2.1070890639038,1.2615167449891518,0.5501621117700987,0.21628535221898978,0.7705,0.5646077875576019,-1.342766247638184,2.29299103317717,0.0028065532205553,0.05316244937621184,0.110074002759212,0.568,0.9545,0.9297264679935845,0.2388059701182601,0.184,-0.8625950196267509,0.33115036684009547,-0.25194394244453316,0.25296844684041,0.5414344705447465,-0.3081988630854907,0.8176460692709596,4.479702684432923,0.8396922130425459,0.415,9.439132536357079,1.0314742079416401,0.44983788818629006,0.10167035184980305,0.769230769088187
3,Red,Congestion,4,0.0030660329728093606,2.973836099378988,0.23618675785957197,0.0030660329728093606,2.588445280650544,0.6855604932382461,2.40565277086813,3.3759626157900944,0.1405,0.531,-3.1972409057929667,1.3301138526230598,0.5687772354792994,0.239639758817146,0.7585,0.5602461764913924,-1.1306022936964983,2.3385498097415023,0.0030819018958899,-0.02933201776685539,0.1184507548067748,0.533,0.9555,0.8400292110204411,0.2597231377376766,0.197,-0.94226889659737,0.11512309000207054,-0.22553505613366434,0.4213492976702403,0.5681833285108581,-0.26767941778331966,0.7581575659970544,2.7003623056009602,0.8090148673612358,0.4245,8.633708824198834,1.0084358810794796,0.43122276447793906,0.09202161196942174,0.7994350280980348
3,Red,Congestion,5,0.0032369800916903,3.199655554355566,0.21599789948343612,0.0032369800916903,2.588588633061507,0.7499388804959843,2.6313002314339524,2.3749469005620116,0.1305,0.528,-3.239646012607807,1.3453108507318978,0.5747485414058725,0.34866353681915857,0.754,0.5182912785681741,-0.9947116029415053,2.3406947476714786,0.0031192972227189,-0.043553966457304055,0.12504806867427587,0.532,0.9475,0.847006969929194,0.256631299700712,0.1935,-0.8350955045329481,0.2712435903750156,-0.4018140032984147,0.36459275124206686,0.5683553229216128,-0.28370582488589846,0.739891322698449,2.7146546496855444,0.8280573863451441,0.4195,8.794520111732481,0.9953838248625888,0.4252514585514053,0.08473360544855339,0.7945075756071007
3,Red,Congestion,6,0.0031227298107302003,3.2791487259046797,0.2356700207437897,0.0031227298107302003,2.5887134006721393,0.7606480125989105,2.653741428401158,3.103513895350496,0.148,0.5305,-2.4479413504295735,1.2973781219002627,0.5553767179245418,0.26788583436480756,0.7575,0.5107100202604711,-1.2251595380922917,2.3360326808613925,0.0030050302058234,0.016339043535037276,0.12062864161783145,0.576,0.9645,0.8616851886281242,0.27326732669659837,0.207,-0.8133658903872132,0.11838272924534639,-0.2073924552269508,0.3717106402001247,0.625407297503522,-0.38273433264214063,0.800579620370024,3.462321048422331,0.8313874096290931,0.434,8.475558863241929,1.0386544843873449,0.4446232820326504,0.09649609781968765,0.8180961355668056
3,Red,Congestion,7,0.003099021861854974,3.215612873898489,0.3966571886720327,0.003099021861854974,2.588991734430825,0.7947654699145486,2.302363743902172,3.2423251469450873,0.246,0.5005,-3.2488079177643385,1.3125533311004016,0.5511450909352062,0.24261607650335312,0.7145,0.5127659240021042,-1.4830423854743178,2.3815024298604017,0.0030191405721851,0.009371141667181022,0.11969995193579003,0.514,0.979,0.878853004627972,0.37018894326519397,0.2645,-0.7284640418980235,0.04435648252020027,-0.4091453356407161,0.45551295275640874,0.9132491299963171,-0.08758400357370161,0.814404258281554,2.35230487565566,0.7866402062242075,0.4785,7.642186705260997,1.068949022151246,0.44885490902280345,0.10868887353521733,0.9560439558529383
3,Red,Congestion,8,0.002901379185682752,3.0748339068001798,0.7510522976838582,0.002901379185682752,2.5894040331134076,0.732248891488728,1.7559920459213016,3.816565109539787,0.12,0.454,-3.1580251026174437,1.1990007127068751,0.4948021663029331,0.23085227840449657,0.6485,0.593428174721995,-1.3190580204377698,2.4231922079513053,0.0028609325197879,0.0670754437976829,0.11204814499659942,0.545,0.97,0.77598940044736,0.49575944479633627,0.3215,-0.9639087655166588,0.4012211932632592,-0.5020118123132586,0.5523351029628891,1.318841860878878,-0.1781582025810956,1.0210097449419138,3.0763585789512478,0.8810627515980234,0.516,9.715217617288204,1.2241914119681203,0.505197833655799,0.09845471739392483,1.136563876401638
3,Red,Congestion,9,0.002751034097252052,2.944814556611992,0.22997885202585794,0.002751034097252052,2.5896075367413873,0.8685984841458951,2.3941993406949127,3.1955866565197883,0.14,0.5275,-2.8918596684645195,1.2940638035416394,0.5687334643980284,0.23427165461618796,0.7535,0.5060051651679808,-1.3147989512625795,2.275343251982242,0.0027424545074333,-0.059905180310731304,0.10623363031324665,0.5985,0.953,0.9402749330708425,0.26476443261250643,0.1995,-0.8231911778859601,0.3370094124654608,-0.2539464677694381,0.3481275648069583,0.5506152159170798,-0.3758289145697957,0.7582928779848859,2.864693515902276,0.7486353738118614,0.4255,8.284291641436084,0.981279365959487,0.43126653555802213,0.1053225234883331,0.8066350709371308
3,Red,Congestion,10,0.0028293751361025215,2.9750900110733998,0.20749518775916087,0.0028293751361025215,2.5897681897761884,0.8774329823290592,2.463852478429953,3.6002996432289396,0.127,0.527,-2.6934687003544013,1.3077447443991084,0.559218409235297,0.21781075310914033,0.7525,0.5221365284001752,-1.2958522493398237,2.338522424934033,0.0028207654207661,0.04057439583674705,0.10925206152284186,0.578,0.936,0.9210270579965268,0.24385382056560084,0.1835,-0.9887804779505891,0.3786242877194626,-0.3221996588312914,0.24973857575246022,0.5112375326434465,-0.3988893943567918,0.7882100864508058,3.4788043401267075,0.7841839770702945,0.409,9.370050605136214,1.0307775981172291,0.440781590721941,0.10443278720465987,0.776091081446662
3,Red,Congestion,11,0.002978761126052,3.221064735060912,0.20009959762728177,0.002978761126052,2.5903744712549956,0.8462722620305431,2.6839978460198406,2.32629753404169,0.1315,0.5475,-3.6178231510967294,1.3744862266972615,0.5920290583641519,0.32186105349283034,0.7815,0.4528236795784158,-1.2569691235623295,2.32165339390834,0.0027926010704608,-0.09676362322769246,0.11499345592661911,0.6195,0.989,0.9232166564477613,0.26551503515476454,0.2075,-0.8280368055941904,0.2602453470440737,-0.36867414696067025,0.37358583607425067,0.537066889041071,-0.3766980784279392,0.6891062791586058,2.1547569647165856,0.7487445752770614,0.4415,7.795529632154057,0.9471670895030124,0.4079709415927754,0.091698843409449,0.8063926939166406
3,Red,Congestion,12,0.0032771614578091,3.523573314972981,0.23134558310783285,0.0032771614578091,2.5905624511246272,0.868221116473698,2.861563287583804,2.319771076096802,0.1555,0.5125,-2.8242739437257853,1.302099580786229,0.5685469030243524,0.3756403248567818,0.732,0.48421311304059106,-1.0423981299164058,2.2902237500640026,0.0029320971325057,-0.0521312682756559,0.12650385850609003,0.616,0.9305,0.8968253423570869,0.27117486335093244,0.1985,-0.7431917676813848,0.3024241502191211,-0.2180468902961613,0.2518001859815217,0.6620100273891769,-0.48952800748317915,0.7588698392406301,2.913706475569584,0.8713995608503461,0.418,8.229105278907639,0.9881240996224245,0.4314530969319837,0.09264185591753994,0.8156097559384177
3,Red,Congestion,13,0.0033876753354827004,3.7421016560020264,0.26277242301980025,0.0033876753354827004,2.5906656352561717,0.7863965717050477,2.9634014710480203,2.3541869933678585,0.186,0.535,-2.832855731997057,1.299069717039116,0.554538996932755,0.3949587413636654,0.764,0.4998380739069332,-1.0533211216831255,2.3426120838859967,0.0030425968841833,0.019865236523063427,0.1307646687109799,0.631,0.988,0.8820395419824766,0.29319371723911075,0.224,-0.7429807649390663,-0.10723027003991882,-0.3652613880921973,0.5409345788980714,0.778700184954006,-0.35424336459921874,0.8032996875858751,2.7150980162834144,0.9298067320706997,0.453,7.69148097863382,1.043542297930123,0.4454610030245575,0.08719406181655855,0.8467289718043497
3,Red,Congestion,14,0.0031102217154577,3.278796142411438,0.7190911176649573,0.0031102217154577,2.590680870921011,0.7912079776146977,1.9072846742371166,4.036467881760466,0.1185,0.447,-2.4033858734931073,1.118476582328976,0.4951474580759031,0.21810340443019444,0.638,0.545670002479818,-1.4080004118903504,2.258875815449448,0.0026264068453666,0.10699457243472324,0.1200542201182785,0.5605,0.9615,0.9175583419364857,0.5070532914565747,0.3235,-0.8078523007236513,0.36910611840384666,-0.33809525355795833,0.2290743965266177,1.3715114681743212,-0.2622808908254476,1.019600390955251,3.798863700620715,0.8803673872887399,0.5145,9.130135353777462,1.1403991607188768,0.5048525418798271,0.10125812743301123,1.1510067111519
3,Red,Congestion,15,0.003081645475702474,3.089613706188784,0.23119689196027007,0.003081645475702474,2.590660606078365,0.832770811986117,2.509439169592514,2.9123953586111906,0.1335,0.5255,-2.5435535236765645,1.3073095144273637,0.568122354430658,0.27369964400837965,0.7505,0.5209898866572548,-1.3740180939531825,2.301105644702868,0.0029884786555385,-0.04582198464955712,0.1189521108381846,0.514,0.9505,0.891514386915995,0.26648900729293956,0.2,-0.7443991205536891,0.294517736776388,-0.2824954838340104,0.25185497877623925,0.5801745365962699,-0.18154809846969092,0.76018421406011,3.271069666069114,0.7971215731547796,0.425,8.320140775648724,0.993796055834288,0.4318776455258846,0.09910749572089356,0.8087535678765455
3,Red,Congestion,16,0.0029734334466396213,3.0791615280637066,0.23483687825150415,0.0029734334466396213,2.59089566813533,0.8359217626891763,2.4935775585194966,3.8879931725818073,0.136,0.5235,-2.7550441048054495,1.2691598955601262,0.5505930600817377,0.20678589663967056,0.7475,0.5323608152236231,-1.3237314232197288,2.3050779787762887,0.0028802618884214,0.0426988784024902,0.11476469249975006,0.579,0.9455,0.9344664800276008,0.26488294310837684,0.198,-0.932985237578732,0.38375048108485105,-0.27067685619728976,0.3932194372248737,0.5855839695442097,-0.3083056391913219,0.8162234005869121,3.2111438077210543,0.8039821547100457,0.422,8.846842817465529,1.0359180059242388,0.44940693987487973,0.10551840083720676,0.8061127028068553
3,Red,Congestion,17,0.0027866703079803684,2.8441673333706214,0.26023450981606633,0.0027866703079803684,2.590797065753587,0.8101131541542791,2.2568556178958388,5.831273709441148,0.1505,0.545,-4.566394964455867,1.4352982143282325,0.5793586370667874,0.13108463588573402,0.778,0.560254092016409,-1.525399793938431,2.4773916772853046,0.0028134575662587,0.05666694464251987,0.10756034676387312,0.524,0.993,0.8982844609163865,0.27634961436036637,0.215,-0.8327354796914471,0.022860618032460714,-0.23555922331318047,0.585484980858593,0.5873117154747826,-0.21131616868935676,0.7260465900589483,1.8055296601922168,0.7643903915352739,0.448,8.244761548658005,1.0420933743033154,0.42064136289284765,0.11360930988749514,0.8220183484730241
3,Red,Congestion,18,0.0029198862976356358,2.7503553536167384,0.2936388106504809,0.0029198862976356358,2.5913701853298603,0.7090064835981925,2.1260612552312126,3.1785417425098794,0.3,0.5065,-1.9756122348701979,1.2528881607871356,0.5548253982123227,0.2373445643838673,0.7235,0.5824019011242644,-1.2228365421913647,2.258166636841134,0.0029953202607285,-0.03969321662003125,0.11267731310844269,0.4665,0.933,0.9158818423858446,0.2895646164078003,0.2095,-0.8268348664879067,0.17558010754427222,-0.24775447526733,0.28907673525150207,0.6242940983855257,-0.0009106724249441326,0.8023688229526588,4.212887747917745,0.7544096055698001,0.4265,8.323032579342339,1.0052783989423324,0.44517460174339346,0.09652031283484042,0.8420533068426351
3,Red,Congestion,19,0.00276270776692796,2.8171341185130294,0.25678392039850584,0.00276270776692796,2.5916255293435273,0.7660380754803292,2.2415421400315845,2.8593504246104504,0.1785,0.532,-3.047870929785745,1.3597625865495706,0.5668327721617068,0.2631974875072209,0.7595,0.5512938141251268,-1.2999736293396718,2.398877944882604,0.0028380473484544,0.019385721513832294,0.10660134867251317,0.517,0.9685,0.8490711595752188,0.2751810401217668,0.209,-0.7600040717253712,0.07177646025125795,-0.32534410768899835,0.5173754917106378,0.5755919784814452,-0.1641306405592521,0.7641887502601501,2.733929459184645,0.7525738479461108,0.4365,8.332664123007135,1.0391152717422445,0.4331672277966072,0.09164156097933883,0.820488721650284
3,Red,Congestion,20,0.0025434632517726324,2.9215750596463987,0.18884910582823541,0.0025434632517726324,2.5918010045862796,0.9293464654306668,2.457481816072983,2.7136078031871818,0.1295,0.5555,-3.6390823989461296,1.428255788537006,0.5988111734209182,0.26784979449408614,0.793,0.48454988440754276,-1.294013369291536,2.3851522948859922,0.0024712008715861,-0.07985692098741133,0.09813497437394898,0.65,0.982,0.9789949224824972,0.2383354350266916,0.189,-0.9793067628570054,0.3722683047786227,-0.31661323536226454,0.31665057853001555,0.4640932435734158,-0.3983719268868376,0.6699755186883621,2.337538907289825,0.726839292692596,0.4265,8.506496694603925,0.9568964128117339,0.4011888265371559,0.10650454784992225,0.7677767775395541
3,Red,Congestion,21,0.0028690705157214842,2.9566120586808706,0.21552998435724258,0.0028690705157214842,2.5920034020449965,0.852290690497128,2.432364562543258,4.055888350278473,0.139,0.542,-3.1189680424960216,1.3441696915297427,0.5662406718052967,0.2057386334986734,0.774,0.5674519395880976,-1.4679144702129443,2.3738487980800715,0.002796750952519,0.03520754717472693,0.1106893036231049,0.5385,0.956,0.8811490640255111,0.23514211883266897,0.182,-0.8798310046343324,0.4584458799064752,-0.21348838921410318,0.3277531224144535,0.5242474961376126,-0.2504871743670251,0.7660335078675826,2.992481043158963,0.8344529272150708,0.414,9.33345274168721,1.0296790240484186,0.4337593281525777,0.10045928083198773,0.7638376382354543
3,Red,Congestion,22,0.0026720384251995404,2.909062456230871,0.1964423173773515,0.0026720384251995404,2.592259852554065,0.8629290926145804,2.431427252245646,3.3902011689423497,0.124,0.5445,-2.867126204936767,1.3522173798651411,0.5742389559856707,0.23113859306318396,0.7775,0.539985895188861,-1.4369367110052549,2.3547991932341983,0.0026220638598734,-0.029027457777079976,0.10307756849544981,0.5505,0.956,0.9681277056316554,0.2295819935396036,0.1785,-0.8864303852381709,0.43554067411340697,-0.32388528025102437,0.311855075999982,0.4776352039852251,-0.275621507266379,0.7414353197434433,3.2814582387241513,0.7836063287295165,0.4115,9.40835490697981,1.0025817254770957,0.425761043971863,0.10958546807621333,0.7557392101458698
3,Red,Congestion,23,0.0027580593680854365,2.9426723459645068,0.6294984131456056,0.0027580593680854365,2.59239461350237,0.7419754262924922,1.8058761654274842,3.496756297247963,0.124,0.461,-2.5427860627559085,1.2117809044238332,0.5184142760632995,0.22659203934549083,0.6585,0.5569428625056188,-1.3440028006668032,2.3374760382541058,0.0026346410945085,0.009925337048979995,0.10639041423762488,0.527,0.9615,0.8279868909300548,0.4601366741898046,0.303,-0.8691232460209977,0.3260506221537078,-0.5123335048444458,0.40093228419954463,1.1367961805370224,-0.18250809909667845,0.928959224485891,3.5161010680432017,0.7923371408372789,0.5005,8.940692791413028,1.1256950493132716,0.4815857238939193,0.10764418293711098,1.0856832969445371
3,Red,Congestion,24,0.002800126512272731,2.933054790042589,0.2229907473597765,0.002800126512272731,2.592553108486406,0.8674849296419032,2.398264088548702,3.2666186943113487,0.127,0.5365,-3.302465791964437,1.3527464246818586,0.5718243074906254,0.2332488822355562,0.766,0.5283342442002892,-1.5093585331515371,2.3656680121485887,0.0027060893338865,-0.026028089938582875,0.10800652464934479,0.5005,0.9645,0.979807174584849,0.2591383811672143,0.1985,-0.8943009867326147,0.49394478545999676,-0.44549024297107365,0.4507075643769268,0.5347907014938873,-0.08957822352412023,0.7487888969156326,2.6366807077764296,0.761935159464556,0.428,8.707547842027907,1.0129215032189736,0.4281756924671032,0.11397883451575208,0.7977632803732035
3,Red,Congestion,25,0.0029197006448127196,2.8409870411334492,0.26593921590647623,0.0029197006448127196,2.5927040256832345,0.7892433654425187,2.244173342139943,5.1193634052737025,0.1485,0.5345,-2.4292220838389085,1.2700785293188628,0.550513201129977,0.16115044056852623,0.763,0.6184798350450766,-1.4661121567115787,2.307081047339382,0.0028255703088622,0.050457690291699255,0.11261218464497513,0.504,0.963,0.9009350052456151,0.2621231978686601,0.2,-0.8129387519698212,0.16650920793648233,-0.24113144811098314,0.36389647682771736,0.5968136989935066,-0.07940497495622825,0.816486866924674,3.616043079468516,0.8249876687021842,0.4285,8.784171705119377,1.0370024392335047,0.4494867988266783,0.10238736827720243,0.8016838165010881
3,Red,Congestion,26,0.002821011334879154,2.7210348403440934,0.2785862222470164,0.002821011334879154,2.5929305783905385,0.8174033302566651,2.1281590501845282,4.046232417139472,0.172,0.517,-2.1733347920521737,1.2794033830191314,0.5598451484961269,0.18430814716050897,0.738,0.5752463249034145,-1.471998704495308,2.2852809060230825,0.0027741406493815,-0.03544183230357151,0.10879625387122363,0.4985,0.9455,0.8744408996472698,0.28116531161501823,0.2075,-0.7450490720005299,0.14129227747648596,-0.27401578305026664,0.3961086793360013,0.5928757901595649,-0.09639936567642088,0.7862082088378709,3.7269487540893063,0.745753600188387,0.4285,8.099907395830485,1.0058774422232046,0.44015485146011485,0.10510527483416394,0.8288201158938452
3,Red,Congestion,27,0.0027868804934438997,2.8757692896629616,0.25545368257618234,0.0027868804934438997,2.5929696784525667,0.7699917816368032,2.290621573339414,3.732281973930177,0.243,0.529,-2.8105154247821815,1.279840348823066,0.5579426943872886,0.207631312925262,0.7555,0.5549146441513788,-1.2969333935430847,2.29385635377576,0.0026694215453228,-0.026387659696386418,0.10747832944192301,0.575,0.96,0.9082586660697557,0.2706816677338608,0.2045,-0.8249972440732933,0.22229382448103546,-0.30518468063163035,0.3755750042584737,0.5851477163235475,-0.2807495174219279,0.7922987611120657,3.00705074483235,0.7749386068276393,0.431,8.451362501754772,1.014015922872979,0.44205730556911665,0.10163546104668779,0.8147448013582712
3,Red,Congestion,28,0.0028160479326595,2.9501778032818846,0.5574436316761737,0.0028160479326595,2.5932209420422994,0.8298027027898527,1.8942437101566616,2.950610122298906,0.2685,0.4635,-3.6922890686919345,1.2434558661498871,0.5391194334837344,0.24351050718063172,0.6615,0.49921255348844745,-1.4850946966377587,2.3064572206062155,0.002524984613948,-0.029052886445703495,0.10859267279914528,0.5035,0.9635,0.8837817216251377,0.4565381707548695,0.302,-0.7963760793606062,0.2566265654354371,-0.47119566133321966,0.5690972272172182,1.0559340931252232,-0.12141902566318964,0.8548765594623102,2.058201779169774,0.7185045676683733,0.5,7.599475930596668,1.06300127278293,0.4608805664729091,0.11020042685854425,1.0787486513314457
3,Red,Congestion,29,0.0027144833789511,3.015648335381269,0.19796073313799312,0.0027144833789511,2.5932622753617767,0.8666327359012004,2.5173181824266857,2.938128118806608,0.1285,0.535,-3.083605516447733,1.3838518811362621,0.5741978991003904,0.2611499779912165,0.764,0.5007728383626824,-1.3261829342502398,2.410060946041208,0.0025041924216226,-0.0054437734043473514,0.10467446369140344,0.5525,0.9495,0.966758266629029,0.2428010470886386,0.1855,-0.9258249762213001,0.4124348289139869,-0.3940032025859046,0.4516241743833973,0.49833015295458305,-0.3604875303022289,0.741559837635181,2.9891337904070934,0.7672920938555328,0.4145,9.217309445798548,1.0262089763607023,0.4258021008581169,0.10865543977348957,0.7747663549953707
