PI,Crest_Time,Decay_Time,Pulse_Width,PW50,Systolic_Width,Diastolic_Width,Upslope,Downslope,DNP,RWI,Delta_T,State,Channel
0.10355386248806162,0.158,0.7975,0.956,0.625,0.158,0.7975,6.329113924050633,1.2539184952978057,0.9999910507183152,0.9999910507183152,0.158,Normal,Red
0.10189236472790829,0.1645,0.7985,0.9635,0.5985,0.1645,0.7985,6.0790273556231,1.2523481527864746,0.999811326657511,0.999811326657511,0.1645,Normal,Red
0.11285583157558943,0.259,0.7135,0.973,0.5555,0.259,0.7135,3.861003861003861,1.4015416958654519,0.9999848031491311,0.9999848031491311,0.259,Normal,Red
0.10668845760814621,0.1725,0.8175,0.9905,0.523,0.1725,0.8175,5.797101449275363,1.2232415902140672,0.9999171011475227,0.9999171011475227,0.1725,Normal,Red
0.09990946587293413,0.2445,0.6755,0.9205,0.5525,0.2445,0.6755,4.08997955010225,1.4803849000740192,0.9997891248053898,0.9997891248053898,0.2445,Normal,Red
0.10430200650122659,0.1975,0.791,0.989,0.5125,0.1975,0.791,5.063291139240506,1.2642225031605563,0.9998485223837242,0.9998485223837242,0.1975,Normal,Red
0.10994022482625403,0.1495,0.822,0.972,0.53,0.1495,0.822,6.688963210702341,1.2165450121654502,0.9998476701594736,0.9998476701594736,0.1495,Normal,Red
0.11385435704054586,0.152,0.801,0.9535,0.534,0.152,0.801,6.578947368421053,1.2484394506866416,0.9999887186748951,0.9999887186748951,0.152,Normal,Red
0.11303827708860004,0.1405,0.814,0.955,0.575,0.1405,0.814,7.117437722419928,1.2285012285012287,0.999554469938481,0.999554469938481,0.1405,Normal,Red
0.10637609834394475,0.2735,0.64,0.914,0.608,0.2735,0.64,3.6563071297989027,1.5625,0.9999454559980198,0.9999454559980198,0.2735,Normal,Red
0.1213311711247441,0.219,0.779,0.9985,0.4885,0.219,0.779,4.566210045662101,1.2836970474967908,0.999982570465787,0.999982570465787,0.219,Normal,Red
0.11641150559742117,0.186,0.7155,0.902,0.49,0.186,0.7155,5.376344086021505,1.397624039133473,0.9999822713290796,0.9999822713290796,0.186,Normal,Red
0.10724440207177986,0.274,0.6845,0.959,0.5635,0.274,0.6845,3.64963503649635,1.4609203798392987,0.9999866250514041,0.9999866250514041,0.274,Normal,Red
0.12423656886658056,0.248,0.798,1.0465,0.641,0.248,0.798,4.032258064516129,1.2531328320802004,0.9999913213801782,0.9999913213801782,0.248,Normal,Red
0.12942002570031289,0.266,0.7115,0.978,0.6035,0.266,0.7115,3.7593984962406015,1.4054813773717498,0.9998895488813766,0.9998895488813766,0.266,Normal,Red
0.1084883935766786,0.2595,0.69,0.95,0.63,0.2595,0.69,3.8535645472061657,1.4492753623188408,0.9998374645491304,0.9998374645491304,0.2595,Normal,Red
0.12461175259808632,0.1625,0.7885,0.9515,0.536,0.1625,0.7885,6.153846153846153,1.2682308180088777,0.9991789310402408,0.9991789310402408,0.1625,Normal,Red
0.13162057164460986,0.192,0.7955,0.988,0.5435,0.192,0.7955,5.208333333333333,1.257071024512885,0.9999539266642975,0.9999539266642975,0.192,Normal,Red
0.11698310960317783,0.186,0.7465,0.933,0.532,0.186,0.7465,5.376344086021505,1.3395847287340923,0.9999297185764262,0.9999297185764262,0.186,Normal,Red
0.11880360808380218,0.1795,0.8115,0.9915,0.587,0.1795,0.8115,5.571030640668524,1.2322858903265557,0.9998933744945067,0.9998933744945067,0.1795,Normal,Red
0.1143284717298903,0.2715,0.6035,0.8755,0.5715,0.2715,0.6035,3.6832412523020257,1.657000828500414,0.9999968731058249,0.9999978655436833,0.2715,Normal,Red
0.11277750373954792,0.24,0.8125,1.053,0.4795,0.24,0.8125,4.166666666666667,1.2307692307692308,0.9998370650049595,0.9998370650049595,0.24,Normal,Red
0.11048517222659238,0.2935,0.6885,0.9825,0.51,0.2935,0.6885,3.4071550255536627,1.4524328249818446,0.9999060454418682,0.9999060454418682,0.2935,Normal,Red
0.10804906522336263,0.1315,0.8155,0.9475,0.5015,0.1315,0.8155,7.604562737642585,1.226241569589209,0.9998847452986648,0.9998847452986648,0.1315,Normal,Red
0.10057135914255767,0.1565,0.773,0.93,0.534,0.1565,0.773,6.389776357827476,1.2936610608020698,0.9999557696968702,0.9999557696968702,0.1565,Normal,Red
0.10420594759671087,0.207,0.803,1.0105,0.514,0.207,0.803,4.830917874396135,1.2453300124533,0.9999190038845371,0.9999190038845371,0.207,Normal,Red
0.11379425379337661,0.2435,0.7115,0.9555,0.5585,0.2435,0.7115,4.106776180698152,1.4054813773717498,0.9999678769373053,0.9999678769373053,0.2435,Normal,Red
0.12214336909279697,0.158,0.7905,0.949,0.527,0.158,0.7905,6.329113924050633,1.2650221378874131,0.9999113976645315,0.9999113976645315,0.158,Normal,Red
0.10711328876236544,0.1645,0.8045,0.9695,0.581,0.1645,0.8045,6.0790273556231,1.2430080795525171,0.9997767935281815,0.9997767935281815,0.1645,Normal,Red
0.10123587590958251,0.232,0.739,0.9715,0.5655,0.232,0.739,4.310344827586206,1.3531799729364005,0.9999668334420054,0.9999668334420054,0.232,Normal,Red
0.23988638942271,0.1555,0.8045,0.9605,0.545,0.1555,0.8045,6.430868167202572,1.2430080795525171,0.9999201209503044,0.9999201209503044,0.1555,Normal,IR
0.24500068670606268,0.162,0.795,0.9575,0.5185,0.162,0.795,6.172839506172839,1.2578616352201257,0.9999807943819362,0.9999807943819362,0.162,Normal,IR
0.24540315370553578,0.1705,0.797,0.968,0.5165,0.1705,0.797,5.865102639296187,1.2547051442910915,0.9999482731394144,0.9999482731394144,0.1705,Normal,IR
0.24508017368265156,0.1665,0.8025,0.9695,0.5245,0.1665,0.8025,6.006006006006006,1.2461059190031152,0.9999871078197556,0.9999871078197556,0.1665,Normal,IR
0.24155610334993233,0.161,0.8005,0.962,0.514,0.161,0.8005,6.211180124223603,1.2492192379762648,0.9999693695148215,0.9999693695148215,0.161,Normal,IR
0.240937043219165,0.1645,0.8,0.965,0.5215,0.1645,0.8,6.0790273556231,1.25,0.9999816430224704,0.9999816430224704,0.1645,Normal,IR
0.24121992791461622,0.1605,0.8015,0.9625,0.5095,0.1605,0.8015,6.230529595015576,1.2476606363069245,0.9999717424560722,0.9999717424560722,0.1605,Normal,IR
0.2394826693162442,0.16,0.8,0.9605,0.5305,0.16,0.8,6.25,1.25,0.9999324168498548,0.9999324168498548,0.16,Normal,IR
0.24283379336930822,0.165,0.801,0.9665,0.515,0.165,0.801,6.0606060606060606,1.2484394506866416,0.9999105311886033,0.9999105311886033,0.165,Normal,IR
0.2467877558920259,0.1645,0.8015,0.9665,0.519,0.1645,0.8015,6.0790273556231,1.2476606363069245,0.9999045840578075,0.9999045840578075,0.1645,Normal,IR
0.24132943636168083,0.161,0.8005,0.962,0.517,0.161,0.8005,6.211180124223603,1.2492192379762648,0.9999935280085731,0.9999935280085731,0.161,Normal,IR
0.2388040620750835,0.1625,0.799,0.962,0.5255,0.1625,0.799,6.153846153846153,1.2515644555694618,0.9999817048954835,0.9999817048954835,0.1625,Normal,IR
0.24164587866702228,0.1675,0.7995,0.9675,0.521,0.1675,0.7995,5.970149253731343,1.2507817385866167,0.9999712871831774,0.9999712871831774,0.1675,Normal,IR
0.23970906063866568,0.163,0.8,0.9635,0.52,0.163,0.8,6.134969325153374,1.25,0.9999454207238726,0.9999454207238726,0.163,Normal,IR
0.24158829224063116,0.162,0.805,0.9675,0.5165,0.162,0.805,6.172839506172839,1.2422360248447204,0.9999940943237294,0.9999940943237294,0.162,Normal,IR
0.23914317563996823,0.16,0.802,0.9625,0.5185,0.16,0.802,6.25,1.2468827930174562,0.999978001635615,0.999978001635615,0.16,Normal,IR
0.24446248493901804,0.163,0.801,0.9645,0.516,0.163,0.801,6.134969325153374,1.2484394506866416,0.9999904295525612,0.9999904295525612,0.163,Normal,IR
0.24051904757887516,0.1625,0.8035,0.9665,0.53,0.1625,0.8035,6.153846153846153,1.2445550715619167,0.9999395080590112,0.9999395080590112,0.1625,Normal,IR
0.24269382424940245,0.163,0.8045,0.968,0.5235,0.163,0.8045,6.134969325153374,1.2430080795525171,0.9998221454368221,0.9998221454368221,0.163,Normal,IR
0.24436163902094754,0.156,0.808,0.9645,0.5195,0.156,0.808,6.410256410256411,1.2376237623762376,0.9999926028831917,0.9999926028831917,0.156,Normal,IR
0.2424853781084354,0.159,0.7995,0.959,0.503,0.159,0.7995,6.289308176100628,1.2507817385866167,0.9999859865924116,0.9999859865924116,0.159,Normal,IR
0.23873766386082368,0.1655,0.799,0.965,0.5245,0.1655,0.799,6.042296072507552,1.2515644555694618,0.9999598932981903,0.9999598932981903,0.1655,Normal,IR
0.24065063411958962,0.167,0.7965,0.964,0.5165,0.167,0.7965,5.988023952095808,1.2554927809165097,0.9999443206219921,0.9999443206219921,0.167,Normal,IR
0.24060437370250748,0.162,0.8035,0.966,0.5175,0.162,0.8035,6.172839506172839,1.2445550715619167,0.9999824013383894,0.9999824013383894,0.162,Normal,IR
0.23962408060177498,0.1645,0.8,0.965,0.525,0.1645,0.8,6.0790273556231,1.25,0.9998721690310824,0.9998721690310824,0.1645,Normal,IR
0.2388798540144971,0.165,0.7955,0.961,0.5135,0.165,0.7955,6.0606060606060606,1.257071024512885,0.9999997800861938,0.9999997800861938,0.165,Normal,IR
0.2392041728574019,0.1685,0.795,0.964,0.5195,0.1685,0.795,5.9347181008902075,1.2578616352201257,0.9999534453294863,0.9999534453294863,0.1685,Normal,IR
0.24120895550745247,0.164,0.7965,0.961,0.5175,0.164,0.7965,6.097560975609756,1.2554927809165097,0.9999294172756691,0.9999294172756691,0.164,Normal,IR
0.23555422501306855,0.1705,0.8015,0.9725,0.5515,0.1705,0.8015,5.865102639296187,1.2476606363069245,0.9999790383279743,0.9999790383279743,0.1705,Normal,IR
0.2279385118415851,0.157,0.8065,0.964,0.5775,0.157,0.8065,6.369426751592357,1.2399256044637321,0.9998636750708108,0.9998636750708108,0.157,Normal,IR
0.07434591009700818,0.1635,0.8185,0.9825,0.612,0.1635,0.8185,6.116207951070336,1.2217470983506413,0.999878391698839,0.999878391698839,0.1635,Ischaemia,Red
0.06469328858801096,0.2305,0.7675,0.9985,0.7105,0.2305,0.7675,4.3383947939262475,1.3029315960912053,0.9999872710021632,0.9999872710021632,0.2305,Ischaemia,Red
0.07464453661420675,0.1385,0.821,0.96,0.6465,0.1385,0.821,7.2202166064981945,1.218026796589525,0.9997934044695028,0.9997934044695028,0.1385,Ischaemia,Red
0.07318885849635043,0.2665,0.7305,0.9975,0.475,0.2665,0.7305,3.7523452157598496,1.3689253935660506,0.9993685441217675,0.9993685441217675,0.2665,Ischaemia,Red
0.06211326854635875,0.1465,0.7175,0.8645,0.531,0.1465,0.7175,6.825938566552901,1.3937282229965156,0.9999504766057375,0.9999504766057375,0.1465,Ischaemia,Red
0.06498581592206981,0.2585,0.821,1.08,0.582,0.2585,0.821,3.8684719535783363,1.218026796589525,0.9999341282546,0.9999341282546,0.2585,Ischaemia,Red
0.0651713838082579,0.1275,0.751,0.879,0.5485,0.1275,0.751,7.8431372549019605,1.3315579227696406,0.9999911369164872,0.9999911369164872,0.1275,Ischaemia,Red
0.06734323465229346,0.2405,0.831,1.072,0.5905,0.2405,0.831,4.158004158004158,1.203369434416366,0.9999446964687215,0.9999446964687215,0.2405,Ischaemia,Red
0.06987273912516577,0.23,0.714,0.9445,0.4225,0.23,0.714,4.3478260869565215,1.400560224089636,0.9996352793743633,0.9996352793743633,0.23,Ischaemia,Red
0.07239696257139733,0.232,0.7785,1.011,0.5315,0.232,0.7785,4.310344827586206,1.2845215157353886,0.9999899780184539,0.9999899780184539,0.232,Ischaemia,Red
0.06695978012613597,0.1235,0.847,0.971,0.6175,0.1235,0.847,8.097165991902834,1.1806375442739079,0.9999521670227687,0.9999521670227687,0.1235,Ischaemia,Red
0.07396058957955438,0.1415,0.8405,0.9825,0.524,0.1415,0.8405,7.06713780918728,1.189767995240928,0.9993194774275928,0.9993194774275928,0.1415,Ischaemia,Red
0.06017764629452015,0.266,0.598,0.8645,0.6275,0.266,0.598,3.7593984962406015,1.6722408026755853,0.9999652143972151,0.9999652143972151,0.266,Ischaemia,Red
0.0637017998516994,0.284,0.703,0.9875,0.5205,0.284,0.703,3.5211267605633805,1.4224751066856332,0.9999561354101529,0.9999561354101529,0.284,Ischaemia,Red
0.0701115428607085,0.2275,0.859,1.087,0.54,0.2275,0.859,4.395604395604395,1.1641443538998837,0.9999736103476455,0.9999736103476455,0.2275,Ischaemia,Red
0.06215575938692244,0.2175,0.736,0.954,0.726,0.2175,0.736,4.597701149425287,1.358695652173913,0.9999588994217853,0.9999588994217853,0.2175,Ischaemia,Red
0.06591224333700718,0.369,0.592,0.9615,0.5405,0.369,0.592,2.710027100271003,1.6891891891891893,0.9999702407809439,0.9999702407809439,0.369,Ischaemia,Red
0.06517628593422059,0.2525,0.7485,1.0015,0.5935,0.2525,0.7485,3.9603960396039604,1.336005344021376,0.9999264310214253,0.9999264310214253,0.2525,Ischaemia,Red
0.07191455413564439,0.138,0.8495,0.988,0.567,0.138,0.8495,7.246376811594202,1.1771630370806356,0.9999823533947271,0.9999823533947271,0.138,Ischaemia,Red
0.0703428101455003,0.273,0.5825,0.856,0.531,0.273,0.5825,3.663003663003663,1.7167381974248928,0.9999795785675394,0.9999795785675394,0.273,Ischaemia,Red
0.06263936351698073,0.2455,0.843,1.089,0.609,0.2455,0.843,4.0733197556008145,1.1862396204033214,0.9994036969435509,0.9994036969435509,0.2455,Ischaemia,Red
0.0609780751453672,0.199,0.765,0.9645,0.648,0.199,0.765,5.025125628140703,1.3071895424836601,0.9998069830091405,0.9998069830091405,0.199,Ischaemia,Red
0.0641705366013973,0.1275,0.8195,0.9475,0.509,0.1275,0.8195,7.8431372549019605,1.2202562538133008,0.9999926574206798,0.9999926574206798,0.1275,Ischaemia,Red
0.06269909271679461,0.197,0.8225,1.02,0.5185,0.197,0.8225,5.0761421319796955,1.21580547112462,0.9999591066690214,0.9999591066690214,0.197,Ischaemia,Red
0.06600624400924486,0.2385,0.7245,0.9635,0.4835,0.2385,0.7245,4.1928721174004195,1.3802622498274673,0.9999688916249624,0.9999688916249624,0.2385,Ischaemia,Red
0.06743551538079766,0.163,0.7995,0.963,0.7005,0.163,0.7995,6.134969325153374,1.2507817385866167,0.9999483778454593,0.9999483778454593,0.163,Ischaemia,Red
0.06512628680020835,0.194,0.785,0.9795,0.5485,0.194,0.785,5.154639175257731,1.2738853503184713,0.9999348170781097,0.9999348170781097,0.194,Ischaemia,Red
0.05908034339626992,0.256,0.755,1.0115,0.6765,0.256,0.755,3.90625,1.3245033112582782,0.9999605615220598,0.9999606899710272,0.256,Ischaemia,Red
0.06734764679687147,0.2735,0.6775,0.9515,0.532,0.2735,0.6775,3.6563071297989027,1.4760147601476015,0.9999881987251159,0.9999881987251159,0.2735,Ischaemia,Red
0.06270692297176995,0.1325,0.693,0.826,0.7045,0.1325,0.693,7.547169811320754,1.443001443001443,0.9996429722570578,0.9996429722570578,0.1325,Ischaemia,Red
0.1498767914234695,0.143,0.822,0.9655,0.565,0.143,0.822,6.993006993006993,1.2165450121654502,0.9999847052602824,0.9999847052602824,0.143,Ischaemia,IR
0.15207781179995167,0.1585,0.8165,0.9755,0.5305,0.1585,0.8165,6.309148264984227,1.224739742804654,0.9997431310596726,0.9997431310596726,0.1585,Ischaemia,IR
0.15154413019421348,0.1605,0.82,0.981,0.5425,0.1605,0.82,6.230529595015576,1.2195121951219512,0.9998772840051793,0.9998772840051793,0.1605,Ischaemia,IR
0.15495431586538647,0.1495,0.8245,0.9745,0.5365,0.1495,0.8245,6.688963210702341,1.212856276531231,0.9999795654784818,0.9999795654784818,0.1495,Ischaemia,IR
0.15309569949999338,0.1535,0.824,0.978,0.519,0.1535,0.824,6.514657980456026,1.2135922330097089,0.9999672249383977,0.9999672249383977,0.1535,Ischaemia,IR
0.15517176643616484,0.1475,0.825,0.973,0.5375,0.1475,0.825,6.779661016949153,1.2121212121212122,0.999900479149591,0.999900479149591,0.1475,Ischaemia,IR
0.15686322178352877,0.154,0.825,0.9795,0.5385,0.154,0.825,6.4935064935064934,1.2121212121212122,0.9999993850771013,0.9999993850771013,0.154,Ischaemia,IR
0.15553627855047075,0.1445,0.8335,0.9785,0.542,0.1445,0.8335,6.920415224913495,1.1997600479904018,0.9999583498292544,0.9999583498292544,0.1445,Ischaemia,IR
0.15544676346940406,0.1435,0.828,0.972,0.5335,0.1435,0.828,6.968641114982579,1.2077294685990339,0.9999923557704438,0.9999923557704438,0.1435,Ischaemia,IR
0.15320209984978272,0.15,0.822,0.9725,0.546,0.15,0.822,6.666666666666667,1.2165450121654502,0.9999927608354677,0.9999927608354677,0.15,Ischaemia,IR
0.1537052869358921,0.152,0.822,0.9745,0.5395,0.152,0.822,6.578947368421053,1.2165450121654502,0.999908071348669,0.999908071348669,0.152,Ischaemia,IR
0.15196915113101794,0.155,0.825,0.9805,0.5335,0.155,0.825,6.451612903225807,1.2121212121212122,0.9999687230313605,0.9999687230313605,0.155,Ischaemia,IR
0.15230256642945916,0.1455,0.825,0.971,0.5295,0.1455,0.825,6.872852233676976,1.2121212121212122,0.9999800488501221,0.9999800488501221,0.1455,Ischaemia,IR
0.15476641783367756,0.1545,0.818,0.973,0.5405,0.1545,0.818,6.472491909385114,1.2224938875305624,0.9998249369109277,0.9998249369109277,0.1545,Ischaemia,IR
0.1552155685614029,0.1495,0.828,0.978,0.539,0.1495,0.828,6.688963210702341,1.2077294685990339,0.999994070372743,0.999994070372743,0.1495,Ischaemia,IR
0.14877871331155756,0.1495,0.825,0.975,0.5325,0.1495,0.825,6.688963210702341,1.2121212121212122,0.9999613489749405,0.9999613489749405,0.1495,Ischaemia,IR
0.15320539210483208,0.157,0.8175,0.975,0.5435,0.157,0.8175,6.369426751592357,1.2232415902140672,0.9999745882635223,0.9999745882635223,0.157,Ischaemia,IR
0.15591861185073883,0.1555,0.8195,0.9755,0.544,0.1555,0.8195,6.430868167202572,1.2202562538133008,0.9999748204025963,0.9999748204025963,0.1555,Ischaemia,IR
0.15203192662848214,0.157,0.822,0.9795,0.541,0.157,0.822,6.369426751592357,1.2165450121654502,0.9998977838240701,0.9998977838240701,0.157,Ischaemia,IR
0.1539673588537301,0.1495,0.831,0.981,0.539,0.1495,0.831,6.688963210702341,1.203369434416366,0.9999181023676816,0.9999181023676816,0.1495,Ischaemia,IR
0.15081857554591904,0.147,0.831,0.9785,0.5345,0.147,0.831,6.802721088435375,1.203369434416366,0.9999616650919801,0.9999616650919801,0.147,Ischaemia,IR
0.15456550321742674,0.1485,0.8195,0.9685,0.526,0.1485,0.8195,6.734006734006734,1.2202562538133008,0.9997993287335548,0.9997993287335548,0.1485,Ischaemia,IR
0.1481109733726844,0.155,0.8235,0.979,0.549,0.155,0.8235,6.451612903225807,1.214329083181542,0.9999797624865071,0.9999886199797363,0.155,Ischaemia,IR
0.1529199267880105,0.1585,0.826,0.985,0.5265,0.1585,0.826,6.309148264984227,1.2106537530266344,0.9999853798756351,0.9999853798756351,0.1585,Ischaemia,IR
0.15143605868072568,0.148,0.8215,0.97,0.529,0.148,0.8215,6.756756756756757,1.2172854534388313,0.9999263602816231,0.9999263602816231,0.148,Ischaemia,IR
0.15117623403745234,0.16,0.8185,0.979,0.5325,0.16,0.8185,6.25,1.2217470983506413,0.9999392910583941,0.9999392910583941,0.16,Ischaemia,IR
0.15239183176607426,0.1545,0.8265,0.9815,0.533,0.1545,0.8265,6.472491909385114,1.2099213551119177,0.9997999881777947,0.9997999881777947,0.1545,Ischaemia,IR
0.15018868492559884,0.148,0.824,0.9725,0.551,0.148,0.824,6.756756756756757,1.2135922330097089,0.9999333135512727,0.9999333135512727,0.148,Ischaemia,IR
0.1470507052782354,0.15,0.8265,0.977,0.578,0.15,0.8265,6.666666666666667,1.2099213551119177,0.9999655458023484,0.9999655458023484,0.15,Ischaemia,IR
0.13691456583554662,0.1405,0.8395,0.9805,0.866,0.1405,0.8395,7.117437722419928,1.1911852293031566,0.9998797620647043,0.9998797620647043,0.1405,Ischaemia,IR
0.10582910888945432,0.25,0.6315,0.882,0.5565,0.25,0.6315,4.0,1.5835312747426762,0.9999466321188307,0.9999466321188307,0.25,Congestion,Red
0.1108758788578265,0.2435,0.762,1.006,0.542,0.2435,0.762,4.106776180698152,1.3123359580052494,0.9999312071457622,0.9999312071457622,0.2435,Congestion,Red
0.11815632457648885,0.177,0.8085,0.986,0.5755,0.177,0.8085,5.649717514124294,1.2368583797155226,0.9999421388945662,0.9999421388945662,0.177,Congestion,Red
0.10684272420292858,0.2395,0.727,0.967,0.6065,0.2395,0.727,4.175365344467641,1.375515818431912,0.9999962722580418,0.9999962722580418,0.2395,Congestion,Red
0.11282804248044873,0.153,0.802,0.9555,0.5315,0.153,0.802,6.5359477124183005,1.2468827930174562,0.9999830750468516,0.9999830750468516,0.153,Congestion,Red
0.11655711191406115,0.1505,0.7805,0.9315,0.5315,0.1505,0.7805,6.644518272425249,1.2812299807815504,0.9995963268846344,0.9995963268846344,0.1505,Congestion,Red
0.11399759329125997,0.1805,0.7435,0.9245,0.5685,0.1805,0.7435,5.54016620498615,1.3449899125756557,0.9999306559333212,0.9999306559333212,0.1805,Congestion,Red
0.11443204580479356,0.3255,0.6925,1.0185,0.509,0.3255,0.6925,3.0721966205837172,1.444043321299639,0.9999503297123521,0.9999503297123521,0.3255,Congestion,Red
0.10714060972765137,0.151,0.809,0.9605,0.5345,0.151,0.809,6.622516556291391,1.2360939431396785,0.999685310165706,0.999685310165706,0.151,Congestion,Red
0.09785663326244894,0.176,0.797,0.9735,0.6015,0.176,0.797,5.6818181818181825,1.2547051442910915,0.9999390443181746,0.9999390443181746,0.176,Congestion,Red
0.10238404006284157,0.141,0.745,0.8865,0.592,0.141,0.745,7.092198581560284,1.342281879194631,0.9998465951427657,0.9998465951427657,0.141,Congestion,Red
0.11379453008520156,0.2185,0.803,1.022,0.6145,0.2185,0.803,4.576659038901602,1.2453300124533,0.9999709428388317,0.9999709428388317,0.2185,Congestion,Red
0.11829288893685554,0.2045,0.7165,0.9215,0.645,0.2045,0.7165,4.88997555012225,1.3956734124214933,0.9999764547526055,0.9999820128174395,0.2045,Congestion,Red
0.1252427725631538,0.2135,0.788,1.002,0.666,0.2135,0.788,4.68384074941452,1.2690355329949239,0.9999881225583404,0.9999993210421246,0.2135,Congestion,Red
0.12090599364213953,0.2775,0.695,0.973,0.5625,0.2775,0.695,3.603603603603603,1.4388489208633095,0.999829263184522,0.999829263184522,0.2775,Congestion,Red
0.10822196257213564,0.1715,0.7845,0.9565,0.5035,0.1715,0.7845,5.830903790087463,1.2746972594008923,0.9999889926921184,0.9999889926921184,0.1715,Congestion,Red
0.1050553465165671,0.147,0.7835,0.931,0.5725,0.147,0.7835,6.802721088435375,1.2763241863433312,0.999990308647689,0.999990308647689,0.147,Congestion,Red
0.09875650373125751,0.1885,0.8045,0.9935,0.5145,0.1885,0.8045,5.305039787798409,1.2430080795525171,0.9999238854524553,0.9999238854524553,0.1885,Congestion,Red
0.1035151757644572,0.257,0.6595,0.917,0.4965,0.257,0.6595,3.8910505836575875,1.5163002274450341,0.999985606696496,0.999985606696496,0.257,Congestion,Red
0.10163039511571356,0.193,0.7895,0.983,0.5265,0.193,0.7895,5.181347150259067,1.266624445851805,0.9998279147098064,0.9998279147098064,0.193,Congestion,Red
0.09252274888390317,0.1575,0.8275,0.9855,0.6605,0.1575,0.8275,6.349206349206349,1.2084592145015105,0.999976222892833,0.999976222892833,0.1575,Congestion,Red
0.10242959528257742,0.1455,0.8125,0.9585,0.538,0.1455,0.8125,6.872852233676976,1.2307692307692308,0.9999640188378637,0.9999640188378637,0.1455,Congestion,Red
0.09802532572064213,0.137,0.8175,0.955,0.5545,0.137,0.8175,7.2992700729927,1.2232415902140672,0.9998626972416268,0.9998626972416268,0.137,Congestion,Red
0.10324725610732403,0.2755,0.6285,0.9045,0.5165,0.2755,0.6285,3.629764065335753,1.591089896579157,0.9999801071227558,0.9999801071227558,0.2755,Congestion,Red
0.10325983275025177,0.2165,0.8095,1.0265,0.483,0.2165,0.8095,4.618937644341801,1.2353304508956147,0.999592638812405,0.999592638812405,0.2165,Congestion,Red
0.10278076632748229,0.165,0.7845,0.95,0.5215,0.165,0.7845,6.0606060606060606,1.2746972594008923,0.9999368760477678,0.9999368760477678,0.165,Congestion,Red
0.1000632055891816,0.231,0.715,0.9465,0.5115,0.231,0.715,4.329004329004329,1.3986013986013988,0.9999838161473064,0.9999838161473064,0.231,Congestion,Red
0.09830633220949916,0.169,0.791,0.9605,0.598,0.169,0.791,5.9171597633136095,1.2642225031605563,0.9999426833755616,0.9999426833755616,0.169,Congestion,Red
0.10067561655649822,0.2915,0.68,0.972,0.482,0.2915,0.68,3.430531732418525,1.4705882352941175,0.9999532345937097,0.9999532345937097,0.2915,Congestion,Red
0.09499589294153714,0.149,0.769,0.9185,0.545,0.149,0.769,6.7114093959731544,1.3003901170351104,0.9999973788554225,0.9999973788554225,0.149,Congestion,Red
0.08887927525659765,0.191,0.5645,0.756,0.527,0.191,0.5645,5.2356020942408374,1.7714791851195748,0.9999422105144541,0.9999422105144541,0.191,Congestion,Red
0.128837014313761,0.1635,0.79,0.954,0.5805,0.1635,0.79,6.116207951070336,1.2658227848101264,0.9997819376880287,0.9997819376880287,0.1635,Congestion,IR
0.14214550349174304,0.2355,0.721,0.957,0.542,0.2355,0.721,4.246284501061571,1.3869625520110958,0.9999631615941043,0.9999945008014659,0.2355,Congestion,IR
0.1440043210661258,0.177,0.7895,0.967,0.5355,0.177,0.7895,5.649717514124294,1.266624445851805,0.999789574848693,0.999789574848693,0.177,Congestion,IR
0.1480550350282323,0.1795,0.7745,0.9545,0.528,0.1795,0.7745,5.571030640668524,1.2911555842479019,0.9999787117868195,0.9999836160663435,0.1795,Congestion,IR
0.14414078881825604,0.2805,0.6785,0.9595,0.536,0.2805,0.6785,3.5650623885918,1.4738393515106853,0.9999335695520282,0.9999335695520282,0.2805,Congestion,IR
0.14418260177734873,0.1765,0.781,0.958,0.5415,0.1765,0.781,5.6657223796034,1.2804097311139564,0.9999521623891341,0.9999521623891341,0.1765,Congestion,IR
0.14844949270204716,0.188,0.781,0.9695,0.5435,0.188,0.781,5.319148936170213,1.2804097311139564,0.9999738452448811,0.9999738452448811,0.188,Congestion,IR
0.15028007319539374,0.1755,0.7825,0.9585,0.529,0.1755,0.7825,5.698005698005699,1.2779552715654952,0.9999663075412425,0.9999663075412425,0.1755,Congestion,IR
0.14850950496560647,0.168,0.7945,0.963,0.526,0.168,0.7945,5.952380952380952,1.2586532410320956,0.999748493478112,0.999748493478112,0.168,Congestion,IR
0.14475259423181377,0.1755,0.7825,0.9585,0.5275,0.1755,0.7825,5.698005698005699,1.2779552715654952,0.9999204318810044,0.9999204318810044,0.1755,Congestion,IR
0.1479408830294237,0.171,0.7885,0.96,0.5305,0.171,0.7885,5.847953216374268,1.2682308180088777,0.9999839541245088,0.9999839541245088,0.171,Congestion,IR
0.14974101284629368,0.168,0.7915,0.96,0.534,0.168,0.7915,5.952380952380952,1.2634238787113077,0.9999487852004174,0.9999487852004174,0.168,Congestion,IR
0.14966097421478786,0.175,0.784,0.9595,0.5435,0.175,0.784,5.714285714285714,1.2755102040816326,0.9999844704748495,0.9999907887827034,0.175,Congestion,IR
0.1487228283959557,0.2745,0.692,0.967,0.537,0.2745,0.692,3.6429872495446265,1.4450867052023122,0.9999681136374577,0.9999681136374577,0.2745,Congestion,IR
0.15110224704418126,0.1735,0.781,0.955,0.5185,0.1735,0.781,5.763688760806917,1.2804097311139564,0.9999730127433966,0.9999730166861011,0.1735,Congestion,IR
0.15275515275550802,0.2455,0.7145,0.9605,0.5475,0.2455,0.7145,4.0733197556008145,1.3995801259622114,0.9999712820182064,0.999977102965449,0.2455,Congestion,IR
0.15507615693528373,0.1845,0.778,0.963,0.5195,0.1845,0.778,5.420054200542006,1.2853470437017995,0.9999843972666644,0.9999903595528999,0.1845,Congestion,IR
0.15358507982276717,0.1705,0.7895,0.9605,0.5235,0.1705,0.7895,5.865102639296187,1.266624445851805,0.9999593676412769,0.9999593676412769,0.1705,Congestion,IR
0.15413814826901068,0.17,0.793,0.9635,0.527,0.17,0.793,5.88235294117647,1.2610340479192939,0.9998883486347537,0.9998883486347537,0.17,Congestion,IR
0.15354365866310352,0.1735,0.788,0.962,0.529,0.1735,0.788,5.763688760806917,1.2690355329949239,0.9999836944620543,0.9999854599235872,0.1735,Congestion,IR
0.15520567370525581,0.1695,0.786,0.956,0.515,0.1695,0.786,5.899705014749262,1.272264631043257,0.9999545133237839,0.9999545133237839,0.1695,Congestion,IR
0.15264864739503842,0.1745,0.7895,0.9645,0.5385,0.1745,0.7895,5.730659025787966,1.266624445851805,0.9999394678798853,0.9999394678798853,0.1745,Congestion,IR
0.15283503997737657,0.2695,0.687,0.957,0.537,0.2695,0.687,3.7105751391465676,1.455604075691412,0.999927112973836,0.999927112973836,0.2695,Congestion,IR
0.16333483530443607,0.1705,0.7935,0.9645,0.5375,0.1705,0.7935,5.865102639296187,1.260239445494644,0.9999461502807154,0.9999461502807154,0.1705,Congestion,IR
0.16253835521715373,0.1745,0.787,0.962,0.5345,0.1745,0.787,5.730659025787966,1.2706480304955527,0.9998870698691323,0.9998870698691323,0.1745,Congestion,IR
0.1584149859889577,0.1625,0.797,0.96,0.5285,0.1625,0.797,6.153846153846153,1.2547051442910915,0.999903043571225,0.999903043571225,0.1625,Congestion,IR
0.15942014233503657,0.1695,0.787,0.957,0.526,0.1695,0.787,5.899705014749262,1.2706480304955527,0.999962487894111,0.999962487894111,0.1695,Congestion,IR
0.1606224213270971,0.172,0.7885,0.961,0.533,0.172,0.7885,5.813953488372094,1.2682308180088777,0.9999531088261618,0.9999531088261618,0.172,Congestion,IR
0.1602842656678778,0.177,0.7845,0.962,0.5505,0.177,0.7845,5.649717514124294,1.2746972594008923,0.9999727673118199,0.9999727673118199,0.177,Congestion,IR
0.15540205997121198,0.161,0.7975,0.959,0.584,0.161,0.7975,6.211180124223603,1.2539184952978057,0.9999652379404943,0.9999652379404943,0.161,Congestion,IR
0.1414531866431051,0.155,0.4935,0.649,0.408,0.155,0.4935,6.451612903225807,2.026342451874367,0.9997822729000876,0.9997822729000876,0.155,Congestion,IR
