Datum_Area_Ratio,Rise_Decay_Ratio,Skewness,Kurtosis,Variance,b_a,c_a,d_a,e_a,State,Channel,Pulse_ID,PI_Ratio,Amplitude_Ratio,Delta_A_Ratio
3.9873197522407438,0.17524509803920493,-0.3297729779111986,-1.209020974433488,6.546092086282582e-07,-0.9086887853705362,0.6677574244528242,-0.7331818338793397,0.6677574244528242,Normal,Red,0,,,
3.9260322668269465,0.1824907521578186,-0.2154601545911923,-1.2535336456295527,1.7233134281913196e-06,-0.9440994179263295,0.40025348185624526,-0.4891369344801868,0.40025348185624526,Normal,IR,0,,,
,,,,,,,,,Normal,Dual,0,0.4290567337471584,0.6178920201641899,0.6183952105699598
4.23521728525409,0.18796526054589405,-0.376375692602518,-1.257962669407656,6.755613629329488e-07,-0.6488183649097176,0.6960782323564696,-0.6356671048769018,0.6960782323564696,Normal,Red,1,,,
4.422760925509022,0.1931464174454708,-0.13133519038565467,-1.2881475343417998,1.8818696227835521e-06,-1.0219137117341208,0.385782718231894,-0.5148234117761552,0.385782718231894,Normal,IR,1,,,
,,,,,,,,,Normal,Dual,1,0.4208346621269097,0.6061082445271484,0.606626279711896
4.18169772834945,0.37084217975935097,-0.13553929914203142,-1.3248314680624171,8.443074516375427e-07,-0.88248281781743,0.9999999999994804,-0.9506983198274194,0.7579879745366082,Normal,Red,2,,,
4.204243268221232,0.2046019900497385,-0.13422776851251964,-1.3287745307974508,1.8952146465155456e-06,-1.0412041165100283,0.50792311839724,-0.5273643839488026,0.50792311839724,Normal,IR,2,,,
,,,,,,,,,Normal,Dual,2,0.4622250597636489,0.665784322583107,0.6662679199246018
3.228240597448491,0.2483912483912324,-0.1463000728339274,-1.4650486894263834,7.501896444286017e-07,-0.8742571555896421,0.5260894018511625,-0.6601408375291555,0.5061910289713358,Normal,Red,3,,,
4.2613530490800775,0.19901112484547595,-0.12579007971550898,-1.3467910897491358,1.8975340167712423e-06,-0.9649380653264267,0.5440989176978598,-0.5026618263934041,0.5440989176978598,Normal,IR,3,,,
,,,,,,,,,Normal,Dual,3,0.44085121335009864,0.6349718266217089,0.6354749025848534
7.6749432722914674,0.356135401974587,-0.2651408966697147,-1.5111324828202457,7.982305771477815e-07,-0.9475101913354492,0.6760144144433813,-0.6929139918411527,0.6760144144433813,Normal,Red,4,,,
4.792583921296572,0.1899752475247407,-0.11323481452641189,-1.3530629092655604,1.8783886945132202e-06,-1.0768477409731207,0.5169262593795051,-0.5175202211569712,0.5169262593795051,Normal,IR,4,,,
,,,,,,,,,Normal,Dual,4,0.4236787339306787,0.6102436816324905,0.6107527869698502
4.1523740256916435,0.24580645161288736,-0.06578376094269861,-1.5890445371578306,7.821478755377276e-07,-0.7797340841013561,0.8249713509749805,-0.6168432057693045,0.8249713509749805,Normal,Red,5,,,
4.535835360432848,0.1956656346749105,-0.1159908020269442,-1.335605928353618,1.8582866423101745e-06,-0.9599633491000683,0.524731494075203,-0.4520348347240994,0.524731494075203,Normal,IR,5,,,
,,,,,,,,,Normal,Dual,5,0.442550659945653,0.6374167383357753,0.6379091187558368
3.607623285197044,0.19133126934983335,-0.19492290449877703,-1.214008186985916,7.003124178884848e-07,-0.6132561521841216,0.6084519709965056,-0.6028329352289263,0.5748229670207284,Normal,Red,6,,,
4.495143418099816,0.18838789376156959,-0.10947511814753014,-1.3476206982457843,1.8526624276263752e-06,-1.0559537239122363,0.4768375141045159,-0.481729901570201,0.4768375141045159,Normal,IR,6,,,
,,,,,,,,,Normal,Dual,6,0.4634183316740251,0.6674330218984312,0.6679073365849806
3.9476205739363492,0.19477286869942784,-0.0647279004661819,-1.3091254672552062,8.194684626878121e-07,-1.3052004369859658,0.5229610466997584,-0.9548423844584966,0.4011351294075779,Normal,Red,7,,,
4.488697980371829,0.19032858028517108,-0.15752995965497776,-1.3471149666440139,1.837315075433934e-06,-0.9880412111218967,0.47315883273626735,-0.5990725842973597,0.47315883273626735,Normal,IR,7,,,
,,,,,,,,,Normal,Dual,7,0.47878876375154517,0.6895138513359288,0.6899680474606634
3.8172872495771717,0.16938898971565822,-0.23428181431353787,-1.2792628667605639,8.033965718264342e-07,-1.057348497605161,0.944989219920118,-0.6912922724431388,0.944989219920118,Normal,Red,8,,,
4.227406517745423,0.19468479604448735,-0.1504484155776074,-1.3267024039371076,1.8752560200659303e-06,-1.1309645317062185,0.4885387602604831,-0.6720200550684204,0.4885387602604831,Normal,IR,8,,,
,,,,,,,,,Normal,Dual,8,0.4772710467915357,0.6874318762041018,0.6878939732434035
5.138901712199678,0.36871903750882035,-0.41448710086639795,-1.1895606631749707,8.370112279949797e-07,-0.6187462454149788,0.40852497051837305,-0.37304051464650273,0.40852497051837305,Normal,Red,9,,,
4.454331010098882,0.1967821782178096,-0.12358602500416101,-1.3334133877490717,1.9066707595492363e-06,-0.9926118448054951,0.47977771888246357,-0.5260806674051884,0.47977771888246357,Normal,IR,9,,,
,,,,,,,,,Normal,Dual,9,0.43194688580172425,0.6221661629752163,0.6226809523180806
4.651791411854344,0.1928084314940984,-0.08769118354543232,-1.334719360046945,8.892725664072072e-07,-0.8671149232006755,0.7619420241706386,-0.671383729588989,0.7619420241706386,Normal,Red,10,,,
4.515632218033113,0.1905940594059288,-0.11625515869241704,-1.3459404263520365,1.8533435701389828e-06,-1.0139451590619353,0.4488045052660853,-0.37751869280883066,0.4488045052660853,Normal,IR,10,,,
,,,,,,,,,Normal,Dual,10,0.49973312086901117,0.7198172096996456,0.7202462737132447
4.222720467647155,0.2741721854304454,-0.02351574004492426,-1.2546223476749936,8.188659957265312e-07,-1.0757863714256248,0.4804297910260455,-0.4363148468316142,0.3264637861633008,Normal,Red,11,,,
4.318287449182895,0.1928084314940984,-0.1583941864013574,-1.3324651955038063,1.8228252868520294e-06,-0.9955163113097201,0.4813099647626393,-0.5298545257058763,0.4813099647626393,Normal,IR,11,,,
,,,,,,,,,Normal,Dual,11,0.4686906765035669,0.67510897935421,0.6755723936675526
5.285080976527626,0.2770448548812482,-0.26193500308603296,-1.2835733607060325,8.023380249270104e-07,-0.9828679607805514,0.9666822029378753,-0.7571219213282374,0.6400726734952177,Normal,Red,12,,,
4.36159034492845,0.1995043370507931,-0.13424110095097144,-1.298499080839907,1.865597238626657e-06,-0.9730532791866434,0.5059934261608459,-0.470999443446502,0.5059934261608459,Normal,IR,12,,,
,,,,,,,,,Normal,Dual,12,0.4439161655032088,0.6394602562246213,0.639952372907339
2.8647206429276677,0.18293431553098938,-0.4187493978400478,-0.9708481192010114,8.318993593867837e-07,-1.1294318843976827,0.8837050986205099,-0.568215857311977,0.8837050986205099,Normal,Red,13,,,
4.560165378350206,0.19171304885589413,-0.1493326935660894,-1.331233438523938,1.874094851280951e-06,-0.9952021709751157,0.41609765700287993,-0.4667942700040112,0.41609765700287993,Normal,IR,13,,,
,,,,,,,,,Normal,Dual,13,0.5194884726879133,0.7483564870886733,0.7487542833467924
2.4790339907687136,0.37553342816498037,-0.27001561720008405,-1.1413977982095282,8.240383741213603e-07,-1.0057657991643767,0.805176851028887,-0.821059841702029,0.5783470614763535,Normal,Red,14,,,
4.340133566630617,0.19015384615383446,-0.11986606935888168,-1.3047762875762567,1.8204556119493173e-06,-0.9792478494036223,0.41928449460823153,-0.5165365713068676,0.41928449460823153,Normal,IR,14,,,
,,,,,,,,,Normal,Dual,14,0.5325197854982283,0.7669997284166932,0.7673813733558625
4.2005096370613,0.3468531468531226,-0.4391353517116452,-1.1288178104445155,7.914827460721027e-07,-1.528998699998458,0.7051414319706296,-0.668953894185184,0.7051414319706296,Normal,Red,15,,,
4.495084473408204,0.18888888888887723,-0.17146531642013077,-1.3324465302610273,1.8458974384501735e-06,-1.0350398398216536,0.4545845025179064,-0.6148983822806241,0.4545845025179064,Normal,IR,15,,,
,,,,,,,,,Normal,Dual,15,0.46138751925373767,0.6645083660134325,0.6649795447531471
3.090899074868104,0.17776420281000746,-0.27791184210164976,-1.012946122197074,8.64907872355903e-07,-1.5396111960197318,0.8254413420315099,-1.3424766720305898,0.6340996291094046,Normal,Red,16,,,
4.514294467639376,0.1930693069306811,-0.1272380695361062,-1.3442182926229749,1.8944118305946186e-06,-1.0147513843073959,0.4082458463727758,-0.5121702228887275,0.4082458463727758,Normal,IR,16,,,
,,,,,,,,,Normal,Dual,16,0.5339981030136735,0.7689888026635336,0.7693723490978096
3.6713290876739397,0.19628482972135006,-0.08783727054592025,-0.9103830128910073,8.611255713649537e-07,-1.5949057335719048,0.7044229072397409,-1.1376443415926887,0.6842861118082982,Normal,Red,17,,,
4.593665676955731,0.1889230769230653,-0.1612984222224611,-1.329300401518559,1.8556771853133272e-06,-1.068618816345994,0.4805405967566401,-0.4813913035140868,0.4805405967566401,Normal,IR,17,,,
,,,,,,,,,Normal,Dual,17,0.5419800150401748,0.7804923636397767,0.7808566538579488
3.634326295883012,0.23518164435944963,-0.13219488526048656,-1.3078810323820362,8.733360194488948e-07,-0.5471412542203333,0.4152337283014266,-0.43971626890737364,0.4152337283014266,Normal,Red,18,,,
4.6440357604208975,0.19114935464043079,-0.13835921964134665,-1.3179534771381831,1.8922559199190781e-06,-1.018572194076459,0.4945602392399514,-0.4975302565146028,0.4945602392399514,Normal,IR,18,,,
,,,,,,,,,Normal,Dual,18,0.4881894863414748,0.7032008135362487,0.7036486731920814
3.1793378798227305,0.1696969696969594,-0.4492785776878024,-0.9826519645671201,7.387169552208274e-07,-0.9461009956256918,0.9886484538935559,-0.7067714808105775,0.9886484538935559,Normal,Red,19,,,
4.669670264425745,0.18187385180647997,-0.13804720625426423,-1.341158758438966,1.8948154427480732e-06,-1.0509766016793778,0.45746540881730885,-0.5642604781757743,0.45746540881730885,Normal,IR,19,,,
,,,,,,,,,Normal,Dual,19,0.498446228544948,0.7181305414890307,0.7185686439845291
3.483961956276153,0.2952702702702503,-0.2649503833637622,-1.3095782618112166,8.294178102582001e-07,-0.8025823305036575,0.7631696153108204,-0.534983254719527,0.7631696153108204,Normal,Red,20,,,
4.82096309719734,0.18699690402475622,-0.11910643923302675,-1.3256939011034652,1.8636679746109193e-06,-1.0694913041191947,0.43941255932270745,-0.5128024266984512,0.43941255932270745,Normal,IR,20,,,
,,,,,,,,,Normal,Dual,20,0.4703020323954901,0.677709989163276,0.6781781946275871
5.136844162107121,0.17009685230023183,-0.09983410005729948,-1.3241303072778483,7.848965746979772e-07,-1.0621561574274603,0.6042853696135949,-0.7607117688205064,0.38599691745751785,Normal,Red,21,,,
4.560230343968069,0.19616336633662151,-0.15293814865299737,-1.313265830171177,1.824812757133438e-06,-0.9845206129723735,0.44139222553364577,-0.4912405729575492,0.44139222553364577,Normal,IR,21,,,
,,,,,,,,,Normal,Dual,21,0.4711800277172102,0.6791130910473608,0.6795718793589695
3.857992145088517,0.4205469327420236,-0.002917186646769039,-1.222225216480437,7.214213058443778e-07,-1.3063502457927316,0.8557578768228399,-0.8293279830090726,0.8557578768228399,Normal,Red,22,,,
4.45879579619851,0.19900187149094203,-0.13922411764355083,-1.3264227973465346,1.8519208196074565e-06,-0.9801831940827881,0.5093114899423257,-0.382167322272622,0.5093114899423257,Normal,IR,22,,,
,,,,,,,,,Normal,Dual,22,0.4630001259501895,0.6674075402531674,0.6678777982303048
3.9666427429733813,0.17009685230023183,-0.22588898716219402,-1.2266960071335276,7.325692326797276e-07,-1.0082726722081345,0.42765206037044623,-0.6860782015178193,0.42765206037044623,Normal,Red,23,,,
4.373703402753077,0.19100431300060436,-0.1327496658199511,-1.3455086914324654,1.8441828033199934e-06,-1.0315242318057378,0.5246536259914862,-0.5197180372865774,0.5246536259914862,Normal,IR,23,,,
,,,,,,,,,Normal,Dual,23,0.4542758681441248,0.6548881423280836,0.6553689300913589
4.3087790815618225,0.18259803921567508,-0.30792309291430914,-1.4145701729033417,7.211438207083243e-07,-0.8030297227114479,0.6165855015680831,-0.6473918922146599,0.6165855015680831,Normal,Red,24,,,
4.485618575359074,0.19430693069305727,-0.1380460921462157,-1.3133035172653649,1.8265992233011129e-06,-1.1170348491355178,0.4982756281052843,-0.48110123959246787,0.4982756281052843,Normal,IR,24,,,
,,,,,,,,,Normal,Dual,24,0.42002168661321904,0.6055340188949828,0.6060400967326236
4.828830897851652,0.2063989962358716,-0.12785317130299537,-1.5253273103739404,7.292363422762603e-07,-1.1764475066277658,0.945479048022717,-0.9038871217975689,0.945479048022717,Normal,Red,25,,,
4.47093872450675,0.19887780548627187,-0.147874633602914,-1.3307362381010337,1.8386787638240496e-06,-0.9676270362317739,0.5303014452088959,-0.4737730715164133,0.5303014452088959,Normal,IR,25,,,
,,,,,,,,,Normal,Dual,25,0.4332993923549725,0.6246893561292993,0.6251845750494577
3.121832449946189,0.3428372739916312,-0.278144759799831,-1.2690584989746023,7.680062884410938e-07,-0.9002265091066987,0.5399429093417516,-0.3831890626057609,0.5399429093417516,Normal,Red,26,,,
4.47767721948335,0.20161792159301795,-0.1337837724167472,-1.3294493999728223,1.8579418201378814e-06,-0.9525401221394717,0.4407362474180743,-0.4350018699758295,0.4407362474180743,Normal,IR,26,,,
,,,,,,,,,Normal,Dual,26,0.478974934430638,0.6905027273958719,0.6909549139819876
2.9203995102104914,0.19439252336447385,-0.2608213792568241,-1.030297285674582,7.997974836955264e-07,-0.8869636892679245,0.546213168458769,-0.44231351236435845,0.546213168458769,Normal,Red,27,,,
4.284053992635308,0.19439252336447385,-0.15753641898487092,-1.2975186288534244,1.814436200725651e-06,-0.989728070238333,0.415133206264067,-0.5589995796669949,0.415133206264067,Normal,IR,27,,,
,,,,,,,,,Normal,Dual,27,0.509881006120649,0.7351041885967384,0.7355186352135268
3.4658906134112093,0.17632850241544828,-0.3755696573709032,-1.2213711115281811,7.129461492892802e-07,-1.3849996960878308,0.6998126710469446,-0.8353455003110393,0.6998126710469446,Normal,Red,28,,,
3.769280487818626,0.20395550061803436,-0.18559258308824178,-1.2719786809518674,1.709140265914827e-06,-1.0223720848589035,0.633746271215138,-0.4093938005721606,0.633746271215138,Normal,IR,28,,,
,,,,,,,,,Normal,Dual,28,0.4554229088443844,0.6566632528102868,0.6571314257207588
2.3176179205174763,0.2917505030180891,-0.1276850947279184,-0.9780751096461664,4.6247033105758153e-07,-0.792478054692868,0.7175477019347725,-0.8162279266124707,0.6658119315615231,Normal,Red,29,,,
2.261199207214346,0.18450184501843883,-0.12116059391074113,-0.9115261058279427,1.1280164440424336e-06,-0.9548548344937491,0.5017594436127782,-0.4609393027863703,0.5017594436127782,Normal,IR,29,,,
,,,,,,,,,Normal,Dual,29,0.4477311276547642,0.6455838778930353,0.6460481894252278
3.49450405163713,0.14557338086748986,-0.09736485380267941,-1.304790843827709,2.61311597802512e-07,-1.1214493600842532,0.6277079938307375,-0.8236196689366194,0.393255435006689,Ischaemia,Red,0,,,
3.917926627145671,0.16074653822997226,-0.26685032504916345,-1.3070274241597089,7.034872269621902e-07,-0.9693919957608754,0.5357205859962314,-0.5186505423051219,0.5357205859962314,Ischaemia,IR,0,,,
,,,,,,,,,Ischaemia,Dual,0,0.4574531871809987,0.6592974572887799,0.6595979084881657
2.714317942513608,0.2646868947708028,-0.27077850909988216,-1.250822040391671,2.3721209273603363e-07,-0.8614205673711279,0.999999999999741,-0.9217813944158421,0.999999999999741,Ischaemia,Red,1,,,
4.85866744287785,0.18083182640143575,-0.1408802034830777,-1.3562446980703446,7.405359972314942e-07,-0.9647960225765012,0.4712825614247922,-0.4152307756366745,0.4712825614247922,Ischaemia,IR,1,,,
,,,,,,,,,Ischaemia,Dual,1,0.44723170304908844,0.6445417585148411,0.6448499069530448
2.7747090123180094,0.1625148279952454,-0.08010547877360394,-0.8813453746142903,2.8577282229201505e-07,-0.7802320435785534,0.9999999999997667,-0.8346851620149346,0.9999999999997667,Ischaemia,Red,2,,,
5.23919161322961,0.18357487922704205,-0.13525611559950124,-1.3630258716063313,7.408796254817836e-07,-0.8608064745139181,0.5452283563118022,-0.3540693543373255,0.5452283563118022,Ischaemia,IR,2,,,
,,,,,,,,,Ischaemia,Dual,2,0.508075113867248,0.7322441081017065,0.732505714426053
3.0433503048667774,0.3469529085872336,0.09590489980449741,-1.074109648059908,2.3692298282152852e-07,-0.9168247584340978,0.9999999999997309,-0.8948722518551203,0.39805858272972433,Ischaemia,Red,3,,,
4.755228080704304,0.16536848412221897,-0.14049880862305736,-1.3288464910620938,7.440185379019585e-07,-0.9314427583144944,0.5103589352479154,-0.4129725988403534,0.5103589352479154,Ischaemia,IR,3,,,
,,,,,,,,,Ischaemia,Dual,3,0.4811968483433213,0.6934561099343247,0.6937459701923351
3.2885048715142378,0.20172201722015978,-0.2092658234511538,-1.0962545201142146,2.4161151974962327e-07,-0.7443080689196595,0.8634226713442039,-0.9126104949964349,0.8634226713442039,Ischaemia,Red,4,,,
4.904382853992378,0.17076093469142176,-0.16652572529187765,-1.3688430843257964,7.514534341553237e-07,-0.9429771245549748,0.41113633596949506,-0.43804589633832014,0.41113633596949506,Ischaemia,IR,4,,,
,,,,,,,,,Ischaemia,Dual,4,0.4190915288894359,0.6039522030597243,0.6042744020551465
3.9520388320172577,0.1762220881110334,-0.191982699687747,-1.4305963414066203,2.6963682151331047e-07,-0.907480233202029,0.854919444235045,-0.9800664456169522,0.854919444235045,Ischaemia,Red,5,,,
5.371603639518119,0.16497310221158606,-0.17426858016893412,-1.3413794349648716,7.590168660552449e-07,-1.169154481726323,0.42627738058268905,-0.6721439527922908,0.42627738058268905,Ischaemia,IR,5,,,
,,,,,,,,,Ischaemia,Dual,5,0.4220292072102659,0.6082121154414502,0.6085390192472341
3.4541496556779987,0.14771395076200775,-0.2992783220434902,-1.37666160104675,2.8009229621877583e-07,-0.8160943515543634,0.9999999999997343,-0.9558331050535339,0.9999999999997343,Ischaemia,Red,6,,,
4.895328075056014,0.17245508982034896,-0.1421910722565377,-1.3517444113519135,7.698436883788418e-07,-1.146019436744639,0.6903084518836469,-0.5602068546321791,0.6903084518836469,Ischaemia,IR,6,,,
,,,,,,,,,Ischaemia,Dual,6,0.4367720833544722,0.6294301406919494,0.6297544061752477
4.8977368185763765,0.17245508982034896,-0.17623202621992942,-1.4152149629069795,2.882502164687705e-07,-0.6030516048482046,0.7822489878316858,-0.5163168809588261,0.7822489878316858,Ischaemia,Red,7,,,
4.739573296760888,0.15789473684209593,-0.16538524631283363,-1.3595763694240652,7.613610622868802e-07,-1.039460057389031,0.503955988706084,-0.5760903523181609,0.503955988706084,Ischaemia,IR,7,,,
,,,,,,,,,Ischaemia,Dual,7,0.4207045703179014,0.6062679895831257,0.6065980058075466
4.729832309227532,0.2894039735099146,-0.07894244406175233,-1.2301472318294049,3.013525716524053e-07,-0.8177946358928256,0.6378349217224258,-0.7249505101749666,0.6378349217224258,Ischaemia,Red,8,,,
4.678406717034069,0.1568627450980299,-0.1637916778423478,-1.3573407430696212,7.626556315789467e-07,-0.9825920677179912,0.5152976590842351,-0.45994075713133675,0.5152976590842351,Ischaemia,IR,8,,,
,,,,,,,,,Ischaemia,Dual,8,0.477340906803066,0.6878235551845496,0.6881188757261121
5.977615369684473,0.2857142857142668,0.2821818901091155,-1.0758661003776635,2.6830547400254104e-07,-1.2782158706403006,0.9509204316465472,-1.0169711111843414,0.8298362897649803,Ischaemia,Red,9,,,
5.164137613439128,0.1661667666466607,-0.1959589437344939,-1.3344334129628963,7.501156653021321e-07,-1.0081492491103903,0.5204956758241864,-0.4203761264897557,0.5204956758241864,Ischaemia,IR,9,,,
,,,,,,,,,Ischaemia,Dual,9,0.4497843024020615,0.6481629247213428,0.6484709334015869
4.514241868346334,0.1458823529411679,-0.19832809557138045,-1.2774437732663668,2.562576318562399e-07,-0.9132267904822958,0.9999999999997478,-0.8531484053201354,0.4888118022951554,Ischaemia,Red,10,,,
5.03275826230379,0.16716596764528657,-0.19266170609135017,-1.3331453837651575,7.647616545931129e-07,-0.9856832105829806,0.3931038889770201,-0.49660461799533234,0.3931038889770201,Ischaemia,IR,10,,,
,,,,,,,,,Ischaemia,Dual,10,0.4462561954966947,0.643019743948754,0.6433313005771955
4.555350117527165,0.1650831353919142,-0.11482534323486583,-1.0601297701854266,2.6735392887310735e-07,-1.1875139902839398,0.7381697446780887,-1.1121465924975085,0.7381697446780887,Ischaemia,Red,11,,,
4.942830789591273,0.16924910607865498,-0.154656611196018,-1.3492088663621786,7.627399745538872e-07,-0.9645073700146716,0.4922112509183661,-0.4731952806755503,0.4922112509183661,Ischaemia,IR,11,,,
,,,,,,,,,Ischaemia,Dual,11,0.5004957127636327,0.7212936058724657,0.7215626672711828
4.771974504798514,0.3922691481746319,-0.4313151470161216,-1.1252373966173101,2.6066882893144815e-07,-0.6804775057816529,0.5980376296560663,-0.6520760325692977,0.5980376296560663,Ischaemia,Red,12,,,
5.013107254760417,0.1584276354973104,-0.18129693443126346,-1.362556995447366,7.549349064034521e-07,-0.997052802362825,0.41364280610100396,-0.46588290973023727,0.41364280610100396,Ischaemia,IR,12,,,
,,,,,,,,,Ischaemia,Dual,12,0.3993786867933123,0.5755407378933799,0.5758696128292684
6.595329870591946,0.24040920716110994,-0.13852643266175932,-1.512204271334915,3.126999769581796e-07,-0.8432478643669302,0.999999999999635,-0.9665260783372435,0.999999999999635,Ischaemia,Red,13,,,
4.6372717362361735,0.17291414752115036,-0.20684539110021044,-1.3061275435411805,7.422547224050203e-07,-0.9042539257426914,0.5289458984764014,-0.3666033074002287,0.5289458984764014,Ischaemia,IR,13,,,
,,,,,,,,,Ischaemia,Dual,13,0.4092156271865658,0.5897300562115122,0.5900596850834273
3.907563890627761,0.16142433234420406,0.09409479095584655,-0.9663248731687313,2.2359568958208104e-07,-1.457755041843023,0.7660922180390914,-1.230995495384855,0.7660922180390914,Ischaemia,Red,14,,,
4.463146137863585,0.16835820895521383,-0.18482357050010506,-1.3594205750458825,7.540425567806448e-07,-1.0011098643516603,0.4391931470026214,-0.45123138487974157,0.4391931470026214,Ischaemia,IR,14,,,
,,,,,,,,,Ischaemia,Dual,14,0.4554042508052084,0.6562539767394373,0.6565639768095143
2.154883749984241,0.31229012760239677,-0.36033687705308387,-0.9890962926624138,2.075480285397668e-07,-0.7656448770890765,0.7415908204113405,-0.6478144705789596,0.7415908204113405,Ischaemia,Red,15,,,
5.411988878080542,0.165175909361946,-0.17223224349984267,-1.3496807710539194,7.454482667261623e-07,-1.057140186473284,0.5443014781921904,-0.5137164356645942,0.5443014781921904,Ischaemia,IR,15,,,
,,,,,,,,,Ischaemia,Dual,15,0.4299150900407415,0.6194715424190054,0.6197816787435769
2.704885352501637,0.5874183006535467,-0.2989154713477938,-1.0839576391107144,2.3047375319957148e-07,-0.9647772735596772,0.8024036563748197,-0.9061312203881162,0.8024036563748197,Ischaemia,Red,16,,,
4.378670330437234,0.17543859649121746,-0.17580679563267163,-1.2800415118501582,7.281473714118338e-07,-0.9264880922834426,0.5324984466657599,-0.36218311861578933,0.5324984466657599,Ischaemia,IR,16,,,
,,,,,,,,,Ischaemia,Dual,16,0.4381038831024926,0.631269484993625,0.6315837616358659
3.478722094251233,0.3175994605529118,-0.2697383556260065,-1.3400898797027194,2.3833999342959862e-07,-0.999084197672475,0.9999999999996372,-1.0886405911036678,0.7120802582741299,Ischaemia,Red,17,,,
4.281619411118456,0.17710843373492907,-0.17392150453916375,-1.2976769011778992,7.428962006514241e-07,-1.0575100215604107,0.5118775188304844,-0.46202022823139655,0.5118775188304844,Ischaemia,IR,17,,,
,,,,,,,,,Ischaemia,Dual,17,0.4136996372593509,0.5959962799887586,0.5963279250936429
4.205110104959852,0.1718562874251394,-0.05376763359467408,-1.2453039567746294,2.495135451279419e-07,-1.023850586592649,0.6266786997334837,-0.6718237375928008,0.5793830684689466,Ischaemia,Red,18,,,
4.422569509381913,0.17326139088727976,-0.2085746080661429,-1.3145231182972477,7.283466416420918e-07,-1.020346026470428,0.4118102300157681,-0.4374860196462513,0.4118102300157681,Ischaemia,IR,18,,,
,,,,,,,,,Ischaemia,Dual,18,0.45537157315577775,0.6561317487835907,0.6564336281841782
3.2927123732228853,0.4283636363636052,-0.10041921727822604,-1.0210688558397634,2.835010561736194e-07,-0.7516317485424213,0.5100411451213377,-0.6952411095114801,0.4240701305994089,Ischaemia,Red,19,,,
4.49840634093795,0.16557863501482697,-0.1665771020165465,-1.3428571234963456,7.418216125532047e-07,-1.0463589433248217,0.6053234166598742,-0.6146514637073022,0.6053234166598742,Ischaemia,IR,19,,,
,,,,,,,,,Ischaemia,Dual,19,0.4814003883750425,0.6935876397875989,0.6938773191245896
4.532915299083007,0.17396520695859785,0.05437927603460409,-1.0733616923953808,1.7803680308729664e-07,-0.8093286548758611,0.742493099111698,-1.0656960681756704,0.6296352909928309,Ischaemia,Red,20,,,
4.935915591154613,0.16280451574568253,-0.16813193906101614,-1.3498448930158873,7.287745910635673e-07,-1.0360047281616793,0.5614464289854164,-0.6037220470161925,0.5614464289854164,Ischaemia,IR,20,,,
,,,,,,,,,Ischaemia,Dual,20,0.3935810298299558,0.5670265904008182,0.5673562414234066
3.7088907015682167,0.2642249836494268,-0.4874810134195025,-1.120753712776264,2.100887394393806e-07,-0.77328767798836,0.6195332929899675,-0.6169502786213812,0.6195332929899675,Ischaemia,Red,21,,,
4.646768981889577,0.168681983071332,-0.1849211478653567,-1.3040784153911218,7.302146788209871e-07,-1.0211884491907033,0.38146963564238057,-0.6187779127518007,0.38146963564238057,Ischaemia,IR,21,,,
,,,,,,,,,Ischaemia,Dual,21,0.40525253509589615,0.5838021859609023,0.5841357477815747
2.776763733798352,0.15046838407493263,-0.3018518294816104,-0.9853356047238444,2.4689473122816285e-07,-1.3229719954287724,0.9999999999996575,-1.2128599456584315,0.9999999999996575,Ischaemia,Red,22,,,
4.844159989562212,0.17453676031080845,-0.20115425635355808,-1.3210400644675444,7.211279288053146e-07,-1.0563057493886738,0.41711612017747823,-0.5140461401524319,0.41711612017747823,Ischaemia,IR,22,,,
,,,,,,,,,Ischaemia,Dual,22,0.4606748559206056,0.6636791181232666,0.6639714156112164
3.312089216112536,0.18258258258257162,-0.17433180274484125,-1.4232300610764343,2.3138980565270407e-07,-0.5993453643847555,0.9999999999997533,-0.9173836966105074,0.9999999999997533,Ischaemia,Red,23,,,
4.986261384381859,0.17692767483561406,-0.12536627580608936,-1.3377105068011734,7.334053365923403e-07,-0.9762335915787984,0.4974352014679415,-0.5228254580985467,0.4974352014679415,Ischaemia,IR,23,,,
,,,,,,,,,Ischaemia,Dual,23,0.40634474194657366,0.5854426052140476,0.5857714910896977
2.56751758217733,0.33539944903578955,0.10858131605286908,-1.5116520618199625,2.861689313718581e-07,-0.965676656377088,0.8923668613410415,-0.824565482598788,0.8923668613410415,Ischaemia,Red,24,,,
4.679583823764166,0.16316736652668487,-0.15165996986003263,-1.2790798489031403,7.182603371258687e-07,-1.0479916189351584,0.5230159845294944,-0.5096133373500336,0.5230159845294944,Ischaemia,IR,24,,,
,,,,,,,,,Ischaemia,Dual,24,0.44895126627841386,0.6467680668798118,0.6470735376752129
3.7991600716057508,0.19547953573609067,-0.36861267408858117,-0.9421187082077034,2.5547438315528826e-07,-0.5268026329749546,0.999999999999759,-0.9504511759111679,0.6572535856543136,Ischaemia,Red,25,,,
4.736033777963318,0.18033775633292037,-0.15810797608861551,-1.3341188166825575,7.225805078684257e-07,-1.0101187095480693,0.46521468376411235,-0.42117987527818557,0.46521468376411235,Ischaemia,IR,25,,,
,,,,,,,,,Ischaemia,Dual,25,0.45988629189214697,0.6625634464967062,0.6628609214613876
3.352009619847048,0.2439797211660175,-0.15929933208117975,-1.3584523644632371,2.4878597387695025e-07,-0.8325898479034974,0.9999999999997176,-0.9043990820673418,0.9999999999997176,Ischaemia,Red,26,,,
4.552845139187378,0.17264038231779136,-0.1517392595879057,-1.3235659212589685,7.173340733465319e-07,-0.9784877265891316,0.5930836599326611,-0.5041209311209586,0.5930836599326611,Ischaemia,IR,26,,,
,,,,,,,,,Ischaemia,Dual,26,0.422084643088294,0.6081065975429734,0.6084295443486079
3.707075378662827,0.31174089068823807,-0.3894648093564284,-1.2022972191310037,2.162634299059175e-07,-0.7282096077856952,0.9999999999997554,-0.8769578840910441,0.9478049474822958,Ischaemia,Red,27,,,
4.708478653134173,0.1661667666466607,-0.24078121880889625,-1.3234199834110245,7.174277202035875e-07,-0.983615073536644,0.46076987552067633,-0.38404574331845576,0.46076987552067633,Ischaemia,IR,27,,,
,,,,,,,,,Ischaemia,Dual,27,0.38652568672483767,0.5568822039024931,0.5572106357743891
2.6475128963442214,0.4193313953488067,-0.18836172131553441,-1.1043256862230229,2.520326324106585e-07,-0.991168838122156,0.9075170576143502,-0.7590723591541105,0.49959301331917016,Ischaemia,Red,28,,,
3.0874927963708427,0.16806220095692775,-0.2091123589714265,-1.1285624611212102,5.54293331740478e-07,-0.9726043754786126,0.5129999111278604,-0.4765879298317679,0.5129999111278604,Ischaemia,IR,28,,,
,,,,,,,,,Ischaemia,Dual,28,0.4631690384214255,0.6671978606728648,0.6674878590057648
1.425118942706103,0.14285714285713455,0.12545771040974052,-0.21859686836792003,1.313943102460192e-07,-1.1214230888135521,0.7450623891012144,-0.9464622997275159,0.7450623891012144,Ischaemia,Red,29,,,
1.296220446644165,0.15425219941348067,0.2116848965521432,0.42669385862513654,2.541671911823848e-07,-1.0917529697295658,0.46277690184115344,-0.7382967617211802,0.46277690184115344,Ischaemia,IR,29,,,
,,,,,,,,,Ischaemia,Dual,29,0.4596582438930291,0.6620679845256086,0.6623415485459881
2.6648268397851176,0.35410764872518735,-0.34862194471349295,-1.3045352758906796,7.123807319399977e-07,-0.9270571683137446,0.5456427136025264,-0.562302775715769,0.5456427136025264,Congestion,Red,0,,,
3.1813481935622496,0.19799498746865926,-0.42413494099876053,-1.226577432894282,5.362679367568443e-07,-1.1393214630995685,0.7212787067007186,-0.6775036429181884,0.7212787067007186,Congestion,IR,0,,,
,,,,,,,,,Congestion,Dual,0,0.8151793839107163,1.193870853928901,1.1936127113307142
3.6329891723754297,0.21269841269839918,-0.26213002116766865,-1.2993782897821413,8.19014298351955e-07,-1.002681335428393,0.7717702571882933,-0.6473143595327262,0.7717702571882933,Congestion,Red,1,,,
4.28670900119396,0.3236313236313012,-0.2527678866013156,-1.3466301307389719,6.830373777196078e-07,-0.7552837167371185,0.33503080765794524,-0.3169110390161874,0.33503080765794524,Congestion,IR,1,,,
,,,,,,,,,Congestion,Dual,1,0.7800340534838658,1.14247631731999,1.142276441657854
2.9202686179257684,0.18692730604763672,-0.2712438165515548,-1.024708545708337,7.150253992195104e-07,-0.8022933339052866,0.999999999999673,-0.6968001390545532,0.999999999999673,Congestion,Red,2,,,
4.481664985792166,0.2128589263420591,-0.18625822235174994,-1.4523986938665319,7.387968942882766e-07,-1.0159593960666498,0.507882303046638,-0.49551890916126085,0.507882303046638,Congestion,IR,2,,,
,,,,,,,,,Congestion,Dual,2,0.854927370374673,1.2523192479517782,1.251929685129906
2.915117000407919,0.32635983263596047,-0.3629162990980375,-1.2283099212346953,6.632995749466449e-07,-0.7737975282998838,0.5287690088423106,-0.4899859343331725,0.42097661811345183,Congestion,Red,3,,,
4.505156034359746,0.22709677419353372,-0.21134486911025366,-1.3375310235053846,7.346562197148631e-07,-0.8865708120986217,0.3175690803781856,-0.3183348881187404,0.3175690803781856,Congestion,IR,3,,,
,,,,,,,,,Congestion,Dual,3,0.7439237588773195,1.0898491879966663,1.0897246227371344
4.533605394772691,0.20074812967579794,-0.2555268105982231,-1.0805309038241806,7.398080026629481e-07,-0.873601180204688,0.6769624474446951,-0.673974467606938,0.6769624474446951,Congestion,Red,4,,,
4.588113296667622,0.21744627054360194,-0.2205800265897052,-1.4293877659650447,7.422077046858831e-07,-0.8481406119423419,0.46028625793969336,-0.3955172456439028,0.46028625793969336,Congestion,IR,4,,,
,,,,,,,,,Congestion,Dual,4,0.7941998000151521,1.163458250835858,1.1632246044662202
3.842898254950868,0.17980295566501356,-0.2963768329840742,-0.9879573876030432,7.759552029860792e-07,-1.1299144945492843,0.7536908289105491,-0.7594600402655605,0.7536908289105491,Congestion,Red,5,,,
5.169313072056411,0.21496512365249112,-0.24602311679236732,-1.415216871074281,7.420475677655246e-07,-0.8852988123470791,0.3982307104735404,-0.3650008128162506,0.3982307104735404,Congestion,IR,5,,,
,,,,,,,,,Congestion,Dual,5,0.8150696102290562,1.1940753140711076,1.1937904730910929
5.085424191147947,0.19406674907291754,-0.3677140504208875,-1.1552419315961024,7.646385832879762e-07,-1.019374800587338,0.707617001465239,-0.9119064742003796,0.3839325761355025,Congestion,Red,6,,,
4.497482542620332,0.23608445297503286,-0.22536168198496004,-1.4102643731053512,7.443657539557673e-07,-0.9296447025631362,0.5008117706837801,-0.33155087936156075,0.5008117706837801,Congestion,IR,6,,,
,,,,,,,,,Congestion,Dual,6,0.7710675447349329,1.1296752000606716,1.1294889089138787
4.379199547840625,0.36337828246981096,-0.10106257903712444,-1.445444640690922,8.167767678790424e-07,-1.2231713666967992,0.6576847070317956,-0.5825507451359788,0.6128735456803593,Congestion,Red,7,,,
4.514608460701353,0.21275252525251181,-0.197170725154533,-1.4014745724189361,7.650509616634829e-07,-0.994629668874365,0.5242188618989255,-0.39149652852515177,0.5242188618989255,Congestion,IR,7,,,
,,,,,,,,,Congestion,Dual,7,0.7531605139723773,1.1035439633243411,1.1033966909053585
3.2529301948285836,0.16818457802063339,-0.19867159092656841,-1.217897627594339,6.596597324829482e-07,-0.8813553439939993,0.6177391544577842,-0.4110269027724437,0.6177391544577842,Congestion,Red,8,,,
4.314605684111872,0.19950124688278056,-0.17220912046388656,-1.4340500287111355,7.502552762341444e-07,-0.9714652990229643,0.39235016519335136,-0.468426995799821,0.39235016519335136,Congestion,IR,8,,,
,,,,,,,,,Congestion,Dual,8,0.7088577481073332,1.0387549263045828,1.038703590472749
4.212501846204368,0.20012547051441654,-0.3834358976194645,-1.2798413704714897,6.364276960949797e-07,-1.6551261988510284,0.9208592990852048,-1.2209319828962595,0.9208592990852048,Congestion,Red,9,,,
4.910287832780729,0.32939541348156154,-0.17753774243955966,-1.4402076619203557,7.417285572335511e-07,-0.8835510271144748,0.32197945382206017,-0.30268940100002356,0.32197945382206017,Congestion,IR,9,,,
,,,,,,,,,Congestion,Dual,9,0.6807229138057695,0.9975625641831677,0.9975655671121275
4.42264753928361,0.17195121951218464,-0.367824611125731,-1.3250648302457033,7.171273025291411e-07,-1.1026408130126057,0.6130210862654895,-0.8064122474507859,0.6130210862654895,Congestion,Red,10,,,
4.723500592628312,0.20804525455686937,-0.2014876044467873,-1.4122390454375862,7.468270737362443e-07,-1.0931348344063918,0.5983821837245479,-0.5529162430588284,0.5983821837245479,Congestion,IR,10,,,
,,,,,,,,,Congestion,Dual,10,0.7075842475240653,1.036952661016918,1.03690421045092
3.3595958031131827,0.18726823238564974,-0.42302899224079743,-1.0029417836957137,6.426432722530702e-07,-1.1889970578838909,0.9999999999995566,-1.1381302639397797,0.7531683043339833,Congestion,Red,11,,,
4.872313418985714,0.20288040075139618,-0.2164767646983888,-1.4159960064459314,7.669019368710554e-07,-1.1482059051676612,0.4897224176015401,-0.46852619507466536,0.4897224176015401,Congestion,IR,11,,,
,,,,,,,,,Congestion,Dual,11,0.7743230154215099,1.1350433062143523,1.1348475373376223
3.132663573091814,0.2804551539491111,-0.5250481725330589,-1.009696006112009,8.833875279362201e-07,-0.9650166764848629,0.6384191921784744,-0.4957769064245239,0.6384191921784744,Congestion,Red,12,,,
4.570234358936056,0.21460317460316097,-0.22258922921612198,-1.375618183834681,7.647844711152315e-07,-0.9824390863041053,0.47197949857849236,-0.30021849224783087,0.47197949857849236,Congestion,IR,12,,,
,,,,,,,,,Congestion,Dual,12,0.806545984922975,1.1822945921342882,1.1820181191541739
2.80026298628478,0.19543773119604219,-0.3894652469083549,-0.8430904503719954,7.736789660911513e-07,-1.0039915844201297,0.9999999999995504,-0.9155155997385772,0.9999999999995504,Congestion,Red,13,,,
4.626665493640127,0.3830242510698728,-0.19702370797627802,-1.4118626475909155,7.780550418235648e-07,-1.0217223796835193,0.40220377360452825,-0.385349588824608,0.40220377360452825,Congestion,IR,13,,,
,,,,,,,,,Congestion,Dual,13,0.8441396990904433,1.2374507554512197,1.2370768157245648
2.585399392140676,0.38294797687858506,-0.2817229751647466,-1.344673906460267,7.720917338495091e-07,-1.3755730007366118,0.6409064332936327,-0.7064208762378298,0.6409064332936327,Congestion,Red,14,,,
4.822703531981561,0.21369689283448232,-0.1758599054763624,-1.4180935897452573,7.792092418405248e-07,-1.0952374137080336,0.45335956696245383,-0.3753369019435589,0.45335956696245383,Congestion,IR,14,,,
,,,,,,,,,Congestion,Dual,14,0.8033285018869047,1.1776057544505796,1.1773366899172641
3.791714839156382,0.2526041666666502,-0.18686753268335698,-1.3439384931793392,7.75999189448167e-07,-0.7956994563856836,0.6648506975179559,-0.5777198809404515,0.6648506975179559,Congestion,Red,15,,,
4.690678363197298,0.32781228433400084,-0.22002413653717087,-1.3787352618615232,8.003333561049298e-07,-1.057045245360782,0.571358838097694,-0.42600747904780795,0.571358838097694,Congestion,IR,15,,,
,,,,,,,,,Congestion,Dual,15,0.7056227623565602,1.0343138333128914,1.0342670739493394
4.622840672727491,0.18002466091244265,-0.2990072349629128,-1.3353098162765795,7.738862931772899e-07,-0.8349088899549447,0.7142672663634254,-0.5219445485135817,0.40827914934353915,Congestion,Red,16,,,
4.006661278358384,0.23723335488039837,-0.16703462367185767,-1.3912467802893018,7.859693038197844e-07,-0.8715776506659203,0.3828174828259113,-0.26150715029763505,0.3828174828259113,Congestion,IR,16,,,
,,,,,,,,,Congestion,Dual,16,0.690741271997491,1.012527932281552,1.0125110848564765
6.163462894047973,0.21079046424089015,-0.25337303445338144,-1.4687554257436888,6.798645083727353e-07,-0.8076434593281216,0.9999999999995692,-1.1641418914068191,0.7162837293962075,Congestion,Red,17,,,
4.552039208949549,0.2070043777360721,-0.19207990064957398,-1.4374272598612017,7.999525706628863e-07,-1.0921911224156087,0.5144383102945693,-0.6066735846701113,0.5144383102945693,Congestion,IR,17,,,
,,,,,,,,,Congestion,Dual,17,0.6352211421766009,0.9311297161787939,0.9312143377684337
4.47914950015997,0.26260641781268745,0.013499179681779118,-1.206312263231728,7.159859254445832e-07,-0.950985254410797,0.9050036502903606,-0.8958514315692357,0.9050036502903606,Congestion,Red,18,,,
4.817802969730372,0.20424734540910655,-0.18731858400006798,-1.4181972093981832,8.002078935438257e-07,-0.8730086534831287,0.3643838295586691,-0.4245107569637718,0.3643838295586691,Congestion,IR,18,,,
,,,,,,,,,Congestion,Dual,18,0.6708426320040118,0.9834975967150194,0.9835190574972957
3.8174135599097356,0.18472906403939748,-0.13787160811723911,-1.2184101618954513,5.587706355473942e-07,-0.7196958094308626,0.999999999999665,-0.8174096894999145,0.999999999999665,Congestion,Red,19,,,
5.146942236760862,0.21541377132026435,-0.1697251937643627,-1.4223832468950566,8.062964371490187e-07,-0.9690876288011829,0.3884077289825358,-0.31093195192784995,0.3884077289825358,Congestion,IR,19,,,
,,,,,,,,,Congestion,Dual,19,0.6688607892304985,0.9806872748045455,0.9807120430943097
3.5482813392789327,0.1622940817571591,-0.502847878994244,-1.1460938210827896,5.115056237838218e-07,-1.1716400563964728,0.9692919086237171,-0.7990192421632802,0.9692919086237171,Congestion,Red,20,,,
4.725532397865824,0.19962216624683882,-0.17186268285364542,-1.427234835007466,8.080660973026737e-07,-1.0670017124004465,0.36822419496614905,-0.4629287621283546,0.36822419496614905,Congestion,IR,20,,,
,,,,,,,,,Congestion,Dual,20,0.5880427908908289,0.8622172273928294,0.8623750261065452
3.280043219527004,0.17981651376145688,-0.2637785846733634,-1.4410978696304337,6.815546708048877e-07,-1.0163796057035706,0.46870621767570414,-0.5460554824086019,0.38559634743083604,Congestion,Red,21,,,
5.170663612995224,0.21092278719396038,-0.1988096836695987,-1.4334359159608827,8.268181511048124e-07,-1.1467732336082976,0.5330511098850708,-0.5017391537479545,0.5330511098850708,Congestion,IR,21,,,
,,,,,,,,,Congestion,Dual,21,0.6701524319179002,0.9826202719498992,0.9826425848169168
3.4024140752765506,0.167175106772412,-0.3264707357953226,-1.372563309506248,6.401539347233477e-07,-0.9259428829481934,0.4806191624728842,-0.4137976147360936,0.4806191624728842,Congestion,Red,22,,,
5.086520736266469,0.3625356125355867,-0.21246495428340167,-1.3868652787369655,8.273970809130619e-07,-1.0897381609909227,0.3939754215591484,-0.34754720057127186,0.3939754215591484,Congestion,IR,22,,,
,,,,,,,,,Congestion,Dual,22,0.6416910414289414,0.9409538172707458,0.941026535180558
3.409724969859384,0.4024655547497895,-0.21865079708846616,-1.2667279545504222,6.696582888255677e-07,-1.1975650987245081,0.730000054418995,-0.5673099237969309,0.730000054418995,Congestion,Red,23,,,
4.215035418618933,0.2034847542003607,-0.1846174620575913,-1.403950829884586,8.448983351815478e-07,-1.0697417462799397,0.5251617441345668,-0.4720419652701258,0.5251617441345668,Congestion,IR,23,,,
,,,,,,,,,Congestion,Dual,23,0.6306179338425622,0.9247333584863435,0.9248308395077545
3.7040172061928156,0.18730745532962492,-0.0742492841428785,-1.5027348167630648,7.149466622292223e-07,-1.162627031631645,0.5280658554337281,-0.8986223280243809,0.5176192119678643,Congestion,Red,24,,,
4.369295255478048,0.21194968553457785,-0.19789343016239144,-1.4000173477272924,8.568871288352755e-07,-0.9390966905100179,0.7560306962469041,-0.34172353861673604,0.7560306962469041,Congestion,IR,24,,,
,,,,,,,,,Congestion,Dual,24,0.6374743561990078,0.934807629327885,0.9348927402206371
3.8129366959243813,0.28437290409119487,-0.12085092834904967,-1.4031463551342134,6.983782829913442e-07,-0.9842580476679276,0.4568812498707245,-0.3797039514580204,0.4568812498707245,Congestion,Red,25,,,
4.48648941662502,0.19240348692402287,-0.2026436670120859,-1.3823258674041004,8.298172654076406e-07,-0.9285945188686671,0.3745237362397459,-0.47356353607368523,0.3745237362397459,Congestion,IR,25,,,
,,,,,,,,,Congestion,Dual,25,0.6631094851640071,0.972425153581025,0.97246162360643
4.301269151677905,0.23533204384266695,-0.10275844917775696,-1.4065302099084365,6.839150314027301e-07,-0.9271123439801178,0.9800669339053412,-1.0133106140056105,0.9800669339053412,Congestion,Red,26,,,
4.4992586954428955,0.2050314465408676,-0.2129661783633667,-1.3955601268693807,8.536802892181567e-07,-1.1024066214498012,0.3962454625102705,-0.4496275639033546,0.3962454625102705,Congestion,IR,26,,,
,,,,,,,,,Congestion,Dual,26,0.6309630313769061,0.9253094977423393,0.9254038292143786
4.939490082738761,0.1845679012345565,-0.3080527619221848,-1.2108705699712552,6.29204500020272e-07,-1.4195310126182976,0.8631613192389316,-0.8526104896709095,0.8631613192389316,Congestion,Red,27,,,
4.730726976450724,0.20691823899369768,-0.2133905118378492,-1.394379327387036,8.563878988156377e-07,-0.9846840963591122,0.5047221389233174,-0.4296640963317213,0.5047221389233174,Congestion,IR,27,,,
,,,,,,,,,Congestion,Dual,27,0.622271183940418,0.9125339135431506,0.9126438383838169
3.7633795020780783,0.4004360465115988,-0.1446303031688333,-1.4267228823609461,6.660919576815609e-07,-1.282243266296127,0.9999999999994331,-0.9428702240539631,0.9536207235856866,Congestion,Red,28,,,
4.099400749954941,0.21807838179518216,-0.24474140196223038,-1.3621258474624263,8.399041366395188e-07,-0.9232535024193835,0.5677763967838126,-0.3279574220425931,0.5677763967838126,Congestion,IR,28,,,
,,,,,,,,,Congestion,Dual,28,0.6331888804109811,0.9286028300309462,0.928693805128444
3.0467833373102806,0.1739130434782502,-0.36147242757594694,-1.1897263019937572,5.180815973119366e-07,-0.9258212490620876,0.448735648959105,-0.5520025390848867,0.448735648959105,Congestion,Red,29,,,
2.7158725080197157,0.18920595533497586,-0.2951908371812806,-1.2334721481189332,6.687973662649231e-07,-1.002222973609703,0.32452576195608906,-0.4565299549647476,0.2910857857280091,Congestion,IR,29,,,
,,,,,,,,,Congestion,Dual,29,0.609823962178171,0.8943028606984191,0.8944292358777929
1.1318241579826827,0.27281648675169057,-0.1851744040269923,0.05111309740266101,2.4413962950239403e-07,-1.2681473333033824,0.504535061537037,-0.7463489535286822,0.504535061537037,Congestion,Red,30,,,
1.1610931107213887,0.29570429570426615,-0.3710879799105773,-0.30910677062037184,3.887865441086606e-07,-1.2105319560739387,0.3911289160424325,-0.7988889594640913,0.2927413812317429,Congestion,IR,30,,,
,,,,,,,,,Congestion,Dual,30,0.593816671053111,0.8707589328277633,0.8708962610937583
