State,Channel,Pulse_ID,Amplitude,AUC,S_AUC,D_AUC,AUC_Ratio,Start_Datum_Area,End_Datum_Area,Datum_Area_Ratio,Max_Start_Datum_Diff,p1_mmhg,p2_mmhg
Normal,Red,1,0.0029840651557313,3.0440059908382633,0.6130035760086252,2.431002414829638,0.252160825620399,0.8858745785834952,0.1333935463798349,6.64106025085343,0.0029844735445461,10.079157150765678,65.432008428184
Normal,Red,2,0.0026987628720026,2.7453564107957327,1.0502499982248563,1.695106412570876,0.6195776208716001,0.6765571552461943,0.1139178799485399,5.93899004749575,0.0025329705306288,10.093227534149653,64.80560002094343
Normal,Red,3,0.0028527182866955,2.9149788632116116,0.5714458384702087,2.3435330247414026,0.2438394647898187,0.782648334495148,0.1590905903316481,4.919513673710058,0.0028527182866955,10.111139276402753,60.708723172130576
Normal,Red,4,0.0029615609267655,2.961060251089998,0.5353847540625131,2.425675497027485,0.2207157365932062,0.8920939190704441,0.2146638257234456,4.155772012652662,0.0029615672781674,10.140412019806345,64.95352499244257
Normal,Red,5,0.003108475072498,3.0837130187135227,0.596563491069218,2.4871495276443043,0.2398583134783421,0.8774097144392072,0.2390202173791559,3.67085982959918,0.0031085014568609,10.165649810477012,65.5991333631882
Normal,Red,6,0.0030966993709628,3.160844724558909,0.5918802688866542,2.568964455672254,0.2303964414843448,0.9124955278516916,0.19808834171265,4.6065079850856225,0.0030966993709628,10.18469818866452,60.20433451405217
Normal,Red,7,0.0028686069873058,3.2239690028368204,0.6597661598720332,2.564202842964787,0.2572987397163936,0.8204095986010338,0.2576801929170287,3.1838287192884867,0.0028692441219301,10.208871795496618,64.54997721009121
Normal,Red,8,0.0034106871815888,3.4112973281445886,0.6764696584352016,2.734827669709387,0.2473536690913639,0.9083186625680542,0.2838902777801104,3.1995412793656848,0.0034106871815888,10.223422785548495,66.34339382592047
Normal,Red,9,0.0032929626731589,3.109182185889819,0.6604659179248052,2.448716267965014,0.2697192510889308,0.8590661920745076,0.2655998247754892,3.2344380979945067,0.0032930752508408,10.234061129460102,59.956130114170065
Normal,Red,10,0.002960708583739,3.017866020662167,0.6212589868849911,2.396607033777175,0.2592243860295508,0.565101449636101,0.2529401536547443,2.2341310443238176,0.0029462808853294,10.244047870439028,64.03290514705117
Normal,Red,11,0.0031034790493882,3.6266978322796017,0.6642251643765644,2.962472667903037,0.2242130945453518,0.7603222367794398,0.4177436063519733,1.820069117081409,0.0031038812320039,10.268079834588587,66.83872905832226
Normal,Red,12,0.0032777758158423,3.5766852617638634,1.1226513250554435,2.454033936708419,0.4574718011280843,0.9947144417041442,0.2702056539048738,3.681323567175743,0.003282646224288,10.275995284300283,59.739077781883395
Normal,Red,13,0.0029011366949744,3.2818801440599374,1.1485981970122023,2.1332819470477347,0.538418373905876,0.8466967088917976,0.2582108589061808,3.279090246159784,0.0028603495543016,10.282705373420749,63.56367849586687
Normal,Red,14,0.0033301577335016,3.5347603626525377,0.6094593342067454,2.9253010284457925,0.2083407240076588,0.9482317601712168,0.366709323683424,2.5857857952633196,0.0033302025690066,10.305030869396594,67.07129529989737
Normal,Red,15,0.0036294540631632,3.5520795525702855,0.7262041784645435,2.8258753741057427,0.2569837952228708,1.0000081548504896,0.3126401924532729,3.1985911568294294,0.0036295143304068,10.305740247633993,60.25569822068189
Normal,Red,16,0.0032565269753942,3.308472307763652,0.6705509664732656,2.6379213412903857,0.2541967252690157,0.8705092836735286,0.2666698028809531,3.2643714221446434,0.0032565323603002,10.320694965924101,62.812407735981935
Normal,Red,17,0.0030571182548155,3.4254910899045368,0.5855831458785881,2.8399079440259487,0.2061979322641162,0.8809378347444018,0.3348158581040774,2.631111440577473,0.0030572401605324,10.336851084401488,66.86433273247938
Normal,Red,18,0.0030897387327101,3.2301014046546044,0.820648040147369,2.409453364507235,0.3405951126658151,0.8453607551070919,0.2131417151462551,3.966191012993472,0.0030904967221079,10.344886744021393,60.81688962107791
Normal,Red,19,0.0031291123320869,3.1408108440990317,0.5857136684865817,2.55509717561245,0.2292334217567234,0.8305640783462762,0.2651477624941993,3.1324574287684084,0.0031291325244803,10.343647603514095,62.45941906642863
Normal,Red,20,0.0030273034008746,3.1261803785937867,1.344375881503559,1.7818044970902274,0.7545024629239568,0.871671106882613,0.2521788073837943,3.456559716201707,0.0028846558464645,10.357806047644782,66.62785311217245
Normal,Red,21,0.0029548761225316,3.0920820022784845,0.5417096832470005,2.550372319031484,0.2124041573085758,0.8575002893780805,0.2609185721840856,3.28646704678841,0.002954881697215,10.375931884676262,61.6917290546876
Normal,Red,22,0.0028380144762643,3.042057222950329,0.5738538524946452,2.4682033704556843,0.2324986098648342,0.822940924876065,0.1964235062778314,4.189625470344955,0.0028380144762643,10.375369041385111,61.98025202840916
Normal,Red,23,0.0028506571519014,2.9702570494354106,0.5515402236347292,2.4187168258006815,0.2280300933748826,0.7671428715857386,0.2125320730636159,3.6095393063620778,0.0028506623228594,10.387560562540967,66.23829474553376
Normal,Red,24,0.0029376409612184,3.259410430230675,0.6964649990270386,2.5629454312036364,0.2717439827425267,0.8372977243180925,0.2951352031323478,2.836997130236009,0.0029379257737058,10.390283922670752,62.40981439084787
Normal,IR,1,0.0047822671550852,4.84549017172807,0.9532128085502316,3.892277363177839,0.2448984796324955,1.3758524983233815,0.3349110012272622,4.108113777336811,0.0047822898464688,10.079157150765678,65.432008428184
Normal,IR,2,0.0047360195608193,4.761633800773032,0.9274889936415788,3.834144807131454,0.2419024424733417,1.336989050642291,0.332479535754176,4.021267196519473,0.0047360195608193,10.093227534149653,64.80560002094343
Normal,IR,3,0.0047365586381749,4.783518484518705,0.9524428524700445,3.8310756320486608,0.2486097754120106,1.3347435025503536,0.348430244467378,3.830733765924042,0.0047365586381749,10.111139276402753,60.708723172130576
Normal,IR,4,0.0047464132338076,4.742834634617278,0.9485269475943244,3.794307687022953,0.2499868291752972,1.3409335418487434,0.3275822416921969,4.093425623201859,0.0047464132338076,10.140412019806345,64.95352499244257
Normal,IR,5,0.0046256934588011,4.770352082255806,0.9172046218303562,3.8531474604254496,0.2380403634303375,1.3088047058297918,0.3477188154159678,3.7639743603293354,0.0046256934588011,10.165649810477012,65.5991333631882
Normal,IR,6,0.0047556606313328,4.889631422141095,0.9384311645543104,3.951200257586784,0.2375053410042704,1.3544641033444087,0.3717165861503655,3.643808626813616,0.0047556606313328,10.18469818866452,60.20433451405217
Normal,IR,7,0.0048390679962134,4.8550421365384535,0.9632709478697996,3.8917711886686535,0.2475147949793337,1.372202012131598,0.3394213116773794,4.042769163050901,0.0048390832223577,10.208871795496618,64.54997721009121
Normal,IR,8,0.0047554198474408,4.770519040651681,0.9461268418870488,3.824392198764632,0.2473927339859833,1.3480335428138843,0.3359067924479468,4.01311784435791,0.0047554274328243,10.223422785548495,66.34339382592047
Normal,IR,9,0.0046438297271304,4.777544209479582,0.9342363175496896,3.843307891929892,0.2430813101160544,1.3142468138389165,0.3531181882079803,3.721832683013338,0.0046438297271304,10.234061129460102,59.956130114170065
Normal,IR,10,0.0047519186001246,4.858293735067899,0.9592047640070518,3.8990889710608463,0.2460074061213524,1.3479435060270126,0.3708846605666372,3.6344007971848327,0.0047519186001246,10.244047870439028,64.03290514705117
Normal,IR,11,0.0047376848891098,4.825705410917475,0.9573643949658294,3.868341015951646,0.2474870728868016,1.340163681720728,0.3463904983338166,3.86893892346092,0.0047376848891098,10.268079834588587,66.83872905832226
Normal,IR,12,0.0047289336559725,4.829547630244481,0.933917740090116,3.895629890154366,0.239734719781891,1.3381976721480755,0.3698154811935865,3.618555036768653,0.0047289336559725,10.275995284300283,59.739077781883395
Normal,IR,13,0.0046985197977712,4.849422450746722,0.9336393268504484,3.9157831238962744,0.2384297846203138,1.344605691637288,0.3666828828712853,3.66694425741514,0.0046985197977712,10.282705373420749,63.56367849586687
Normal,IR,14,0.0048000664698053,4.838333994173489,0.946655733315199,3.89167826085829,0.2432512838577819,1.3568218634654758,0.3420853873019865,3.966325115979593,0.0048000664698053,10.305030869396594,67.07129529989737
Normal,IR,15,0.0047252323464326,4.837746104753951,0.9355511770348112,3.90219492771914,0.2397499854220884,1.339818292635818,0.3525918086819337,3.799913269807247,0.0047252331636744,10.305740247633993,60.25569822068189
Normal,IR,16,0.0047821820582066,4.871737673237986,0.962917032890286,3.9088206403477,0.2463446449680617,1.3584458794779877,0.3513950894762012,3.865864720827268,0.0047821820582066,10.320694965924101,62.812407735981935
Normal,IR,17,0.0047746432963841,4.82196619830842,0.9297919445644608,3.8921742537439585,0.2388875430410331,1.3651675115651014,0.3387046470797621,4.0305544176475845,0.0047746432963841,10.336851084401488,66.86433273247938
Normal,IR,18,0.0047730805102022,4.761314297830113,0.9312555836720664,3.830058714158046,0.2431439445639888,1.3345835063866196,0.338454862409711,3.9431654102550935,0.0047730805102022,10.344886744021393,60.81688962107791
Normal,IR,19,0.0046844936056141,4.797521756706471,0.9303259782910156,3.867195778415456,0.2405686268803818,1.3175502857512422,0.3658606771680437,3.6012350273600933,0.0046844936056141,10.343647603514095,62.45941906642863
Normal,IR,20,0.00474504088607,4.832861415657698,0.963087009057772,3.869774406599927,0.2488741998539295,1.3378003268291605,0.3557787619769123,3.76020288393711,0.00474504088607,10.357806047644782,66.62785311217245
Normal,IR,21,0.0047285331402574,4.799897521814506,0.945610986050758,3.854286535763748,0.2453400849356883,1.3548111819738482,0.3387267037314988,3.999717669285906,0.0047285331402574,10.375931884676262,61.6917290546876
Normal,IR,22,0.0047215369910059,4.773810578968561,0.9436321323454722,3.8301784466230897,0.2463676681115037,1.342746735387999,0.3480322464162296,3.858110129778432,0.0047215369910059,10.375369041385111,61.98025202840916
Normal,IR,23,0.0047025629496262,4.766745112029943,0.9441381440097568,3.822606968020186,0.2469880246408766,1.324112789431567,0.3414716653626324,3.8776651879019006,0.0047025629496262,10.387560562540967,66.23829474553376
Normal,IR,24,0.0046991301980471,4.764711398201991,0.9494739872756648,3.815237410926325,0.2488636708574149,1.3205375730659643,0.3428472583992297,3.85167896407169,0.0046991301980471,10.390283922670752,62.40981439084787
Ischaemia,Red,1,0.0017834633727099,1.8020020681681777,0.6008386897010144,1.2011633784671631,0.5002139596261758,0.4791969539444281,0.1310907566119499,3.6554595177364746,0.0017221410986245,10.651161788119548,39.55644600722615
Ischaemia,Red,2,0.001714638526403,1.6990915506832986,0.3420612415264109,1.357030309156888,0.2520660291949785,0.5053056868549463,0.1185391731385558,4.262773844932377,0.0017146449704373,10.646784143962252,41.484471310696975
Ischaemia,Red,3,0.0017142136809512,1.709997634221484,0.3076732236723021,1.4023244105491817,0.2194023161529437,0.4732939944095092,0.0890864650750969,5.312748620236957,0.0017142136809512,10.649876753519386,37.178620875239126
Ischaemia,Red,4,0.0016702520760944,1.7544277249371976,0.2912049086947146,1.4632228162424832,0.199016107090594,0.4755129398989853,0.1205018972562407,3.9461033454754073,0.0016702520760944,10.649954563808809,38.705804651666874
Ischaemia,Red,5,0.0018064748644825,1.8320398889824296,0.4242932320111708,1.4077466569712584,0.3013988560441905,0.3899979201408535,0.106339749995001,3.667470726225961,0.0018019940264976,10.660575202385095,41.233032713515854
Ischaemia,Red,6,0.0017755081032417,1.834747114202598,0.5313669822341189,1.303380131968479,0.4076838131877934,0.490548370678877,0.1256171490564643,3.905106702098275,0.0017730607957818,10.664020054929077,38.4595663645313
Ischaemia,Red,7,0.002009640606216,1.782875686544966,0.4359350108894355,1.3469406756555304,0.3236482636306712,0.5354887570786262,0.1052103872293749,5.089694764749584,0.0020096518622227,10.6597845193842,37.84277562242416
Ischaemia,Red,8,0.0016776179751797,1.819821541768204,0.2740632158655262,1.5457583259026777,0.1773001712318006,0.529851658803224,0.124186819365056,4.266569202047822,0.0016776424082855,10.666865255721643,40.65688582638662
Ischaemia,Red,9,0.0019493867755644,1.7813315236564804,0.2954692426859034,1.4858622809705768,0.1988537204759653,0.5871316692718573,0.068447249583077,8.577870883756017,0.0019493872633979,10.66027793912371,39.69297613380982
Ischaemia,Red,10,0.0015852769638599,1.740177322597707,0.3580018516520328,1.382175470945674,0.2590133157312441,0.4039671776494043,0.1802035195802289,2.241727456768973,0.0015854276353486,10.662049171550295,37.17754428308786
Ischaemia,Red,11,0.0017490731846048,1.8267707386703191,0.3493192487591117,1.4774514899112077,0.2364336502040451,0.3039544917645789,0.1183780469912158,2.56765928725901,0.001736117221172,10.661101004251046,39.95403030203981
Ischaemia,Red,12,0.0018818800405267,1.750182087335359,0.3343023086808222,1.4158797786545363,0.2361092472120045,0.5504333656121102,0.1021669312418165,5.387588321599897,0.0018820045705015,10.666596880112618,41.08459352791378
Ischaemia,Red,13,0.0015350761342194,1.7224635562784545,0.3445488886292571,1.377914667649197,0.2500509623118228,0.4180127444822494,0.2262876943476056,1.847262378484137,0.0015354049506107,10.661655227839477,36.89545550058281
Ischaemia,Red,14,0.0017655344430425,1.861350853527619,0.8755705533282856,0.9857803001993336,0.8882004977693685,0.4529069262754938,0.1783174431039826,2.5398913218567696,0.0015485853052434,10.674923978870451,39.23197667559646
Ischaemia,Red,15,0.0016776414413515,1.880462603136602,0.5814055602597685,1.299057042876833,0.4475596845017783,0.4711892527835423,0.1488260641311271,3.166039870330701,0.0016543720256457,10.67856452196268,41.452354568137395
Ischaemia,Red,16,0.0019006210229066,1.9043245586660889,0.3319435629815792,1.5723809956845096,0.2111088622239886,0.5653450719107111,0.14149291379302,3.995571627973641,0.0019006210229066,10.682044319247419,37.392157006836385
Ischaemia,Red,17,0.0018031075818223,1.7888902874222286,0.7703290708726142,1.0185612165496143,0.7562913827429156,0.4926143500424406,0.1549756713935269,3.178656014927362,0.0016852255621371,10.677540641058453,38.569400402834184
Ischaemia,Red,18,0.0016800453371554,1.67535542230817,0.3196930361589211,1.355662386149249,0.2358205401471728,0.4515735436418625,0.1138001760083958,3.968126935133621,0.0016800453371554,10.680215777445992,41.080319268605656
Ischaemia,Red,19,0.0014576391482255,1.5934809946297963,0.2997517006100951,1.293729294019701,0.2316958439417779,0.4318404971495325,0.1032790258663027,4.181299092698267,0.0014578058711651,10.68571398295695,38.922564742816306
Ischaemia,Red,20,0.0016384358856305,1.837882812048198,0.7190212421007487,1.1188615699474491,0.6426364631815173,0.5099889422140236,0.1926440577016631,2.647312085814837,0.0016257971863359,10.685386434253571,37.84579715380007
Ischaemia,Red,21,0.0016889256859204,1.9034712836136465,0.349199357691363,1.5542719259222837,0.2246706974933957,0.5017491275951879,0.1771226315538591,2.8327781898532653,0.0016889363137378,10.690470894033945,40.466683846611616
Ischaemia,Red,22,0.0017957556956393,1.6446146641418509,0.3762630235818808,1.26835164055997,0.2966551321806647,0.5252432790955646,0.0870450078076547,6.03415741263653,0.0017963307530913,10.685143684787768,40.09493078314633
Ischaemia,Red,23,0.0016364510276805,1.7445684509237942,0.3108313126787954,1.4337371382449986,0.2167979780863291,0.4448367254993204,0.2085693170841318,2.1328004124397837,0.0016368009252767,10.679078908546646,37.11825469899096
Ischaemia,Red,24,0.0018416931393347,1.9827600988471177,0.3697564856627526,1.613003613184365,0.2292347534998917,0.5301194451731671,0.1715350056024373,3.0904446781073505,0.001841856679683,10.678458755880651,39.772612774410646
Ischaemia,IR,1,0.0030488792951187,3.1479990205496735,0.5833512936025554,2.564647726947118,0.2274586437245164,0.898741894691192,0.2304785337921235,3.899460309400433,0.0030488792951187,10.651161788119548,39.55644600722615
Ischaemia,IR,2,0.0030276270693865,3.123603238064854,0.584635749657522,2.5389674884073328,0.2302651579143527,0.9000453645471582,0.2092629566823359,4.301025746823598,0.0030276374320589,10.646784143962252,41.484471310696975
Ischaemia,IR,3,0.0030407621651938,3.1211619780870112,0.5608327041990477,2.5603292738879637,0.2190471006674077,0.8993200067111913,0.2123445534512751,4.23519224813812,0.0030407628191272,10.649876753519386,37.178620875239126
Ischaemia,IR,4,0.0030693298518486,3.1611624953145,0.584769921957324,2.576392573357176,0.2269723674895312,0.8931712584703212,0.2253802716193149,3.962952267530132,0.0030693385439197,10.649954563808809,38.705804651666874
Ischaemia,IR,5,0.0030630768154683,3.186923352112367,0.5847944812621885,2.602128870850179,0.2247369405156024,0.9073727627347724,0.2288154877311521,3.9655216162679263,0.0030630768154683,10.660575202385095,41.233032713515854
Ischaemia,IR,6,0.0030530525304314,3.13991833876222,0.5734938190089531,2.5664245197532667,0.2234602321614696,0.902901888832323,0.2212536019711413,4.080846055333782,0.0030530525304314,10.664020054929077,38.4595663645313
Ischaemia,IR,7,0.0030099904595075,3.151800451215604,0.5816194291268236,2.5701810220887813,0.2262951224556714,0.8784417256552364,0.228859541514961,3.8383443392409777,0.0030099904595075,10.6597845193842,37.84277562242416
Ischaemia,IR,8,0.0030454187704018,3.20288652145305,0.5927087071655578,2.6101778142874927,0.2270759884331294,0.8935829166780149,0.2352084001710099,3.7991114094068457,0.0030454187704018,10.666865255721643,40.65688582638662
Ischaemia,IR,9,0.0030479847760339,3.180860578191863,0.6172011912517252,2.563659386940137,0.2407500756129648,0.8964648856997938,0.2255480561715053,3.9746070124325414,0.0030479847760339,10.66027793912371,39.69297613380982
Ischaemia,IR,10,0.0030119831973797,3.10369792415918,0.5842767702954905,2.519421153863689,0.2319091309523482,0.8818345382435914,0.2141931146266073,4.117006934517254,0.0030119831973797,10.662049171550295,37.17754428308786
Ischaemia,IR,11,0.0029896423905517,3.1476565070408205,0.5780904754948186,2.5695660315460014,0.2249759174886841,0.8623372075661935,0.2370045145541401,3.6384843098387702,0.0029896464331743,10.661101004251046,39.95403030203981
Ischaemia,IR,12,0.003021305546088,3.139734804858089,0.5693130271487424,2.5704217777093463,0.2214862292584879,0.898226080963805,0.2093441153593395,4.290667924541363,0.0030213414569572,10.666596880112618,41.08459352791378
Ischaemia,IR,13,0.0029676783067775,3.0725640436731294,0.589458469891805,2.483105573781324,0.237387598866433,0.85819679392957,0.2161959934560025,3.969531443255998,0.0029676783067775,10.661655227839477,36.89545550058281
Ischaemia,IR,14,0.0030252294510402,3.155315809862845,0.6122459367048096,2.5430698731580357,0.2407507332641671,0.8623375166534543,0.2507104340146325,3.439575700320173,0.0030252294510402,10.674923978870451,39.23197667559646
Ischaemia,IR,15,0.0030720338114788,3.1737542765879896,0.6013332957510443,2.572420980836945,0.2337616199800231,0.9014114893078408,0.235120975035122,3.8338199693718913,0.0030720636521341,10.67856452196268,41.452354568137395
Ischaemia,IR,16,0.0029965581979632,3.1742601005402475,0.5898272440658814,2.5844328564743666,0.228223086774447,0.8829506335915147,0.2457437547764832,3.592972828117664,0.0029965581979632,10.682044319247419,37.392157006836385
Ischaemia,IR,17,0.0030296913238429,3.1339024319084947,0.5933458869094854,2.5405565449990086,0.2335495693167958,0.898497043956767,0.215435997635698,4.170598478514831,0.0030297463371775,10.677540641058453,38.569400402834184
Ischaemia,IR,18,0.0029578842984133,3.0764828055219837,0.5754121651931406,2.5010706403288436,0.2300663387570232,0.8733477668125617,0.2115326952138423,4.12866562272881,0.0029578842984133,10.680215777445992,41.080319268605656
Ischaemia,IR,19,0.0030200688776758,3.095927486701477,0.5610502884752867,2.53487719822619,0.2213323347055582,0.8856971476293097,0.2265107860077691,3.9101764787436264,0.0030200688776758,10.68571398295695,38.922564742816306
Ischaemia,IR,20,0.0029660398629676,3.1422459678755135,0.5917533283443428,2.5504926395311704,0.2320153052678946,0.8684041645568792,0.2369863481312847,3.664363670753744,0.0029660398629676,10.685386434253571,37.84579715380007
Ischaemia,IR,21,0.0030521400048587,3.1263552856045074,0.5908901239124725,2.535465161692035,0.2330499873712103,0.8857001601031744,0.2258815717119395,3.9210819784479054,0.0030521400048587,10.690470894033945,40.466683846611616
Ischaemia,IR,22,0.0030002960411314,3.1134589585451513,0.5792464382160742,2.534212520329077,0.2285705849724303,0.8789750908203536,0.2438858535702269,3.604042948588869,0.0030003059807272,10.685143684787768,40.09493078314633
Ischaemia,IR,23,0.0030013865386536,3.088734499280168,0.5865692528044602,2.502165246475708,0.2344246662488183,0.8771204585709248,0.2162438285400559,4.0561641203483,0.0030013865386536,10.679078908546646,37.11825469899096
Ischaemia,IR,24,0.0029754083252091,3.101159013076512,0.5758412339019124,2.5253177791746,0.2280272362752406,0.8729449930813449,0.2293422289362969,3.806298548375135,0.0029754454390777,10.678458755880651,39.772612774410646
Congestion,Red,1,0.0028214129151763,3.022377339214568,0.5414317787137511,2.4809455605008166,0.2182360577893756,0.8396881050643512,0.2153151579961151,3.899809529803291,0.0028214129151763,29.553079181591634,67.86270773996608
Congestion,Red,2,0.0029978277005273,2.973762490466628,0.5681756397051871,2.4055868507614404,0.2361900338478083,0.8118345817851798,0.2396269498366602,3.3879101759570873,0.0029978338933151,29.52383917657107,60.75965636420433
Congestion,Red,3,0.0031306991275138,3.1995278663923834,0.568345019301336,2.631182847091047,0.2160036197901184,0.830966149204506,0.3486291888491197,2.3835243169043223,0.0031307663699606,29.499271784545996,64.90635038513723
Congestion,Red,4,0.0031121403266632,3.279144271008873,0.6254006758599893,2.653743595148884,0.2356673331226267,0.8313788466084645,0.2666667113054941,3.1176701528974675,0.0031121403266632,29.473701018160195,67.62980195527977
Congestion,Red,5,0.0030912963064316,3.2155761709497037,0.9132354657156376,2.3023407052340654,0.3966552229387763,0.7866283147123649,0.2417108758254398,3.2544183708161176,0.0030805900232663,29.45098572463207,60.74672324287529
Congestion,Red,6,0.0028387892967692,3.0748800444655915,1.318830712154744,1.7560493323108477,0.7510214479107189,0.8810553268339509,0.2298534586781369,3.8331175519429097,0.0028669119747795,29.426719067100432,65.068854096208
Congestion,Red,7,0.0026268680445447,2.9446490842967417,0.5506000737856439,2.3940490105110976,0.2299869682568019,0.7486144691508944,0.2330717100128717,3.21194909974081,0.0026268680445447,29.399721953359673,67.55258035567138
Congestion,Red,8,0.0028082661171359,2.9750487064135305,0.5112287431385872,2.463819963274943,0.2074943586620895,0.7841705093315382,0.2166386831653485,3.619716007657891,0.0028082661171359,29.37810865843723,60.63882105989419
Congestion,Red,9,0.0027535482040196,3.220792691918509,0.5370446231719657,2.6837480687465436,0.2001099244098551,0.748713867687037,0.3205483809288055,2.335728121657017,0.0027536548236254,29.362085228290887,65.08486944998153
Congestion,Red,10,0.0031521030370306,3.5233733952771997,0.6619914795241248,2.861381915753075,0.2313537650739985,0.8713748078119731,0.3739601417434833,2.3301274936666636,0.0031521422171308,29.348055350664197,67.46280183819887
Congestion,Red,11,0.0033725557200271,3.742127604697271,0.7786881471838252,2.9634394575134455,0.2627649926201646,0.9297926259137266,0.3933812065082108,2.3635918811854055,0.0033725571657466,29.320098386877394,60.577114211415484
Congestion,Red,12,0.0030025189782791,3.2788189210217777,1.371489250442826,1.907329670578952,0.719062504819381,0.8831663487948959,0.2181599995462085,4.048250598789684,0.0028451411556963,29.29727567163644,65.09253988485625
Congestion,Red,13,0.0029756374491335,3.0893808492460697,0.5801524460276616,2.509228403218408,0.2312075079668082,0.797091360184666,0.2725918843409458,2.924119924229657,0.0029757004366725,29.288717819018984,67.09175169021309
Congestion,Red,14,0.002948154681829,3.0790643145176873,0.588515771963982,2.490548542553705,0.2362996592552026,0.8068132198760642,0.2067928883929891,3.9015520608368144,0.0029482201903237,29.26397887637063,60.60745396878496
Congestion,Red,15,0.00275260948265,2.843952398368944,0.5872859834320333,2.2566664149369107,0.2602449256765546,0.7643571503130292,0.1310510163821971,5.832516003415483,0.0027527506168997,29.255713655315684,65.147552531422
Congestion,Red,16,0.0028360356482534,2.7502514014989083,0.624291590908661,2.1259598105902473,0.293651642800968,0.7544043676494194,0.2373331079850084,3.1786731065649416,0.0028360739327489,29.241052906638473,67.02136487746337
Congestion,Red,17,0.0027514250865575,2.817027452257903,0.5755711651264155,2.241456287131488,0.2567844701816625,0.7525469555647355,0.2623329750671721,2.868670838547997,0.0027514250865575,29.224142784336717,60.38920370223779
Congestion,Red,18,0.0023823752161439,2.921293503953023,0.4640687268851807,2.457224777067842,0.1888588830847395,0.7267997617836147,0.266568865197792,2.7264990652390515,0.0023824620396003,29.210969270752543,65.12329399785517
Congestion,Red,19,0.0028505986442563,2.956495882685648,0.5242299676747977,2.4322659150108503,0.2155315191646959,0.8344245318336796,0.2048983513575583,4.07238284888669,0.0028506117548561,29.194172126459105,66.86157135742646
Congestion,Red,20,0.0026116568051946,2.908835034932422,0.4776128861166818,2.4312221488157406,0.1964497100149113,0.7835685238977644,0.2311059679763235,3.3905161807766024,0.0026116568051946,29.18162716880234,60.79648430179825
Congestion,Red,21,0.0027495688524304,2.9424683161721172,1.1367222902119831,1.805746025960134,0.629502861349273,0.7922868885523716,0.2266042404694524,3.4963462595007195,0.0026790437118792,29.173499466060797,65.0791903268706
Congestion,Red,22,0.0027440930225753,2.9324643989083463,0.5347433539620573,2.397721044946289,0.223021504144172,0.761865253742374,0.2322666640996729,3.280131725728121,0.0027440930225753,29.158903309318667,66.60372353736493
Congestion,Red,23,0.0028902123039713,2.8400718100392544,0.5968201938966876,2.243251616142567,0.2660513825564352,0.8249902639392008,0.1600993302151901,5.152990102021841,0.002890270711834,29.142503903177435,60.74915180156727
Congestion,Red,24,0.0027494747341206,2.723681801365612,0.5933401682193127,2.130341633146299,0.2785187873097186,0.7490463589294014,0.1841639918714312,4.067279120732387,0.00274951434657,29.14163434293312,65.50233690869973
Congestion,IR,1,0.0028765033652806,3.0241030820497485,0.6451406584481949,2.3789624236015543,0.2711857287226524,0.7713906743237704,0.2235033855773335,3.45136013188876,0.0028765033652806,29.553079181591634,67.86270773996608
Congestion,IR,2,0.0028053815661088,3.0082641545031894,0.6357599950636754,2.372504159439514,0.2679700233755834,0.7533283114530211,0.2138040309504924,3.5234523320444726,0.0028053815661088,29.52383917657107,60.75965636420433
Congestion,IR,3,0.0028056851312812,3.000633142202119,0.6105494876999589,2.3900836545021606,0.2554510954249978,0.7503201635859283,0.2061921855854198,3.638935983221784,0.0028056851312812,29.499271784545996,64.90635038513723
Congestion,IR,4,0.0028404085024737,3.022825027207602,0.6192338835385363,2.403591143669065,0.2576286258873795,0.7605808557820581,0.2073853551973885,3.667476206592024,0.0028404085024737,29.473701018160195,67.62980195527977
Congestion,IR,5,0.0029031307539108,3.049537618056679,0.6353123550164242,2.414225263040254,0.2631537183967539,0.7942847784575677,0.2191478559453648,3.624424136075458,0.0029031307539108,29.45098572463207,60.74672324287529
Congestion,IR,6,0.0028483419793789,3.026393910420192,0.6102546981691744,2.416139212251018,0.2525743115607254,0.7943288618161453,0.2084963779809325,3.809796935123681,0.0028483419793789,29.426719067100432,65.068854096208
Congestion,IR,7,0.0028228379135704,2.94980151528593,0.6296590908059729,2.3201424244799567,0.2713881200405645,0.7675455490645917,0.1924250922271398,3.9888017731002345,0.0028228379135704,29.399721953359673,67.55258035567138
Congestion,IR,8,0.0028177599157738,2.994506230275195,0.5943500976651728,2.400156132610022,0.2476297644098901,0.7652230518274763,0.2131102792212156,3.5907374089315933,0.0028177835226992,29.37810865843723,60.63882105989419
Congestion,IR,9,0.0028955903927817,3.0515646240511174,0.6062450383189064,2.4453195857322108,0.2479205752312233,0.7930812784565561,0.2108149519656183,3.761978318245184,0.0028955903927817,29.362085228290887,65.08486944998153
Congestion,IR,10,0.0028996814984425,3.067125028021042,0.6379602062651925,2.4291648217558484,0.2626253272530359,0.7795932607505222,0.2141190035395117,3.640934470380452,0.0028996814984425,29.348055350664197,67.46280183819887
Congestion,IR,11,0.002870700487412,3.0573655681955096,0.6481737298645194,2.4091918383309903,0.2690419748032822,0.7855811323987856,0.2020482878343854,3.888086065063363,0.002870700487412,29.320098386877394,60.577114211415484
Congestion,IR,12,0.0029257718762125,3.031621957967273,0.6172383609762094,2.414383596991063,0.2556504947040916,0.7886978905420574,0.2123340570929096,3.714420104528743,0.0029257718762125,29.29727567163644,65.09253988485625
Congestion,IR,13,0.0029246721747252,3.094426225939335,0.6666278844941143,2.4277983414452207,0.2745812422366528,0.7717665319030017,0.2240119941061495,3.4452018294042563,0.0029246938010895,29.288717819018984,67.09175169021309
Congestion,IR,14,0.0029957383892344,3.1311690772877876,0.6573374913120671,2.473831585975721,0.2657163466739398,0.8064781937823272,0.2288739315780187,3.52367868294085,0.0029957383892344,29.26397887637063,60.60745396878496
Congestion,IR,15,0.0029369889317804,3.0937771798311258,0.6233540076805231,2.4704231721506025,0.2523268137652175,0.798514912975713,0.2220396276614112,3.5962720771328724,0.0029369889317804,29.255713655315684,65.147552531422
Congestion,IR,16,0.0029670809925677,3.1270523086671096,0.6327508688795934,2.494301439787516,0.2536785886366229,0.8214779253506537,0.215495008421532,3.812050828313165,0.0029670809925677,29.241052906638473,67.02136487746337
Congestion,IR,17,0.0029916136888098,3.116137441260163,0.6451368935591628,2.4710005477009997,0.2610832661123419,0.8236502045730116,0.2123089986517343,3.879487962373672,0.0029916158763929,29.224142784336717,60.38920370223779
Congestion,IR,18,0.003013962120749,3.120777984764497,0.6377393076813206,2.4830386770831767,0.2568382496685361,0.8262181188224842,0.2173976311508381,3.800492739726427,0.003013962120749,29.210969270752543,65.12329399785517
Congestion,IR,19,0.0029656703964478,3.112125340716645,0.6546800311992911,2.457445309517354,0.2664067552851751,0.808317421223344,0.1968123288975567,4.107046676146408,0.0029656703964478,29.194172126459105,66.86157135742646
Congestion,IR,20,0.002960769317635,3.1461434829516532,0.6449499628886004,2.501193520063053,0.2578568822105143,0.8072814264144372,0.2175698667156962,3.7104468491003457,0.002960805704601,29.18162716880234,60.79648430179825
Congestion,IR,21,0.0030820973013031,3.222202006021438,0.6506539511999156,2.5715480548215215,0.2530203353501299,0.8373787241841953,0.2277914745966996,3.676075786711325,0.0030820973013031,29.173499466060797,65.0791903268706
Congestion,IR,22,0.0031047493675842,3.242185732790958,0.6524961342578386,2.589689598533119,0.2519592057007268,0.8648388752109923,0.2290541905435383,3.7756954944101087,0.0031047493675842,29.158903309318667,66.60372353736493
Congestion,IR,23,0.0030483392276001,3.235703799959565,0.6392853970396989,2.5964184029198663,0.2462181735889619,0.8571283273832209,0.2307826400575563,3.714006942504238,0.0030483392276001,29.142503903177435,60.74915180156727
Congestion,IR,24,0.0030564100726271,3.212050159084338,0.6315999011056531,2.5804502579786854,0.2447634474459496,0.8466715912188328,0.2323195298861193,3.644427102766016,0.0030564100726271,29.14163434293312,65.50233690869973
