Channel,Feature,Comparison,U_statistic,p_value,p_adjusted,Significant,Effect_Size_r,N1,N2
Red,Amplitude,Normal vs Ischaemia,900.0,3.0198593591621564e-11,9.059578077486469e-11,Yes,-1.0,30,30
Red,Amplitude,Normal vs Congestion,659.0,0.002052333872380414,0.006157001617141241,Yes,-0.46444444444444444,30,30
Red,Amplitude,Ischaemia vs Congestion,0.0,3.0198593591621564e-11,9.059578077486469e-11,Yes,1.0,30,30
Red,AUC,Normal vs Ischaemia,892.0,6.69551896550012e-11,2.008655689650036e-10,Yes,-0.9822222222222223,30,30
Red,AUC,Normal vs Congestion,550.0,0.14127750644049153,0.4238325193214746,No,-0.22222222222222232,30,30
Red,AUC,Ischaemia vs Congestion,8.0,6.69551896550012e-11,2.008655689650036e-10,Yes,0.9822222222222222,30,30
Red,S_AUC,Normal vs Ischaemia,460.0,0.8883028421533887,1.0,No,-0.022222222222222143,30,30
Red,S_AUC,Normal vs Congestion,348.0,0.13345408758779304,0.4003622627633791,No,0.22666666666666668,30,30
Red,S_AUC,Ischaemia vs Congestion,311.0,0.04059500053669265,0.12178500161007794,No,0.3088888888888889,30,30
Red,D_AUC,Normal vs Ischaemia,646.0,0.0026929045334145524,0.008078713600243658,Yes,-0.4355555555555555,30,30
Red,D_AUC,Normal vs Congestion,567.5,0.07112687479017783,0.2133806243705335,No,-0.26111111111111107,30,30
Red,D_AUC,Ischaemia vs Congestion,347.0,0.10764572124455941,0.32293716373367826,No,0.22888888888888892,30,30
Red,AUC_Ratio,Normal vs Ischaemia,101.0,0.09448053396497641,0.28344160189492923,No,0.3355263157894737,19,16
Red,AUC_Ratio,Normal vs Congestion,94.0,0.09594245788197209,0.28782737364591626,No,0.3403508771929824,19,15
Red,AUC_Ratio,Ischaemia vs Congestion,125.0,0.8588186957821996,1.0,No,-0.04166666666666674,16,15
Red,Start_Datum_Area,Normal vs Ischaemia,900.0,3.0198593591621564e-11,9.059578077486469e-11,Yes,-1.0,30,30
Red,Start_Datum_Area,Normal vs Congestion,599.0,0.02812866989728732,0.08438600969186195,No,-0.33111111111111113,30,30
Red,Start_Datum_Area,Ischaemia vs Congestion,0.0,3.0198593591621564e-11,9.059578077486469e-11,Yes,1.0,30,30
Red,End_Datum_Area,Normal vs Ischaemia,787.0,6.526139960801126e-07,1.957841988240338e-06,Yes,-0.7488888888888889,30,30
Red,End_Datum_Area,Normal vs Congestion,579.0,0.057459546028545305,0.17237863808563592,No,-0.2866666666666666,30,30
Red,End_Datum_Area,Ischaemia vs Congestion,133.0,2.878972080067009e-06,8.636916240201026e-06,Yes,0.7044444444444444,30,30
Red,Datum_Area_Ratio,Normal vs Ischaemia,459.0,0.8999950372363642,1.0,No,-0.020000000000000018,30,30
Red,Datum_Area_Ratio,Normal vs Congestion,395.0,0.4203863296078133,1.0,No,0.12222222222222223,30,30
Red,Datum_Area_Ratio,Ischaemia vs Congestion,408.0,0.5395103167994048,1.0,No,0.09333333333333338,30,30
Red,Max_Start_Datum_Diff,Normal vs Ischaemia,899.0,3.3383888204288e-11,1.00151664612864e-10,Yes,-0.9977777777777779,30,30
Red,Max_Start_Datum_Diff,Normal vs Congestion,657.0,0.00226578132742753,0.00679734398228259,Yes,-0.45999999999999996,30,30
Red,Max_Start_Datum_Diff,Ischaemia vs Congestion,0.0,3.0198593591621564e-11,9.059578077486469e-11,Yes,1.0,30,30
IR,Amplitude,Normal vs Ischaemia,900.0,3.0198593591621564e-11,9.059578077486469e-11,Yes,-1.0,30,30
IR,Amplitude,Normal vs Congestion,900.0,3.0198593591621564e-11,9.059578077486469e-11,Yes,-1.0,30,30
IR,Amplitude,Ischaemia vs Congestion,637.0,0.005828168439115263,0.01748450531734579,Yes,-0.41555555555555546,30,30
IR,AUC,Normal vs Ischaemia,900.0,3.0198593591621564e-11,9.059578077486469e-11,Yes,-1.0,30,30
IR,AUC,Normal vs Congestion,900.0,3.0198593591621564e-11,9.059578077486469e-11,Yes,-1.0,30,30
IR,AUC,Ischaemia vs Congestion,546.0,0.1579756891505133,0.4739270674515399,No,-0.21333333333333337,30,30
IR,S_AUC,Normal vs Ischaemia,575.0,0.06567125768912659,0.19701377306737977,No,-0.2777777777777777,30,30
IR,S_AUC,Normal vs Congestion,529.0,0.24581380245894136,0.7374414073768241,No,-0.17555555555555546,30,30
IR,S_AUC,Ischaemia vs Congestion,412.0,0.5792942105819812,1.0,No,0.08444444444444443,30,30
IR,D_AUC,Normal vs Ischaemia,564.0,0.0800009061700968,0.24000271851029037,No,-0.2533333333333334,30,30
IR,D_AUC,Normal vs Congestion,592.0,0.02533180831143879,0.07599542493431637,No,-0.3155555555555556,30,30
IR,D_AUC,Ischaemia vs Congestion,522.0,0.2647586675124711,0.7942760025374134,No,-0.15999999999999992,30,30
IR,AUC_Ratio,Normal vs Ischaemia,129.0,0.6168655926757294,1.0,No,0.10416666666666663,16,18
IR,AUC_Ratio,Normal vs Congestion,84.0,0.2529596652612802,0.7588789957838407,No,0.25,16,14
IR,AUC_Ratio,Ischaemia vs Congestion,125.0,0.9848463470368831,1.0,No,0.007936507936507908,18,14
IR,Start_Datum_Area,Normal vs Ischaemia,900.0,3.0198593591621564e-11,9.059578077486469e-11,Yes,-1.0,30,30
IR,Start_Datum_Area,Normal vs Congestion,900.0,3.0198593591621564e-11,9.059578077486469e-11,Yes,-1.0,30,30
IR,Start_Datum_Area,Ischaemia vs Congestion,485.0,0.6100075520376812,1.0,No,-0.07777777777777772,30,30
IR,End_Datum_Area,Normal vs Ischaemia,899.0,3.3383888204288e-11,1.00151664612864e-10,Yes,-0.9977777777777779,30,30
IR,End_Datum_Area,Normal vs Congestion,880.0,2.1543992766911748e-10,6.463197830073525e-10,Yes,-0.9555555555555555,30,30
IR,End_Datum_Area,Ischaemia vs Congestion,57.0,6.518273128123667e-09,1.9554819384371002e-08,Yes,0.8733333333333333,30,30
IR,Datum_Area_Ratio,Normal vs Ischaemia,127.0,1.860848389843697e-06,5.582545169531091e-06,Yes,0.7177777777777778,30,30
IR,Datum_Area_Ratio,Normal vs Congestion,780.0,1.1077200748339128e-06,3.3231602245017386e-06,Yes,-0.7333333333333334,30,30
IR,Datum_Area_Ratio,Ischaemia vs Congestion,832.0,1.6979526017102315e-08,5.0938578051306944e-08,Yes,-0.8488888888888888,30,30
IR,Max_Start_Datum_Diff,Normal vs Ischaemia,900.0,3.0198593591621564e-11,9.059578077486469e-11,Yes,-1.0,30,30
IR,Max_Start_Datum_Diff,Normal vs Congestion,900.0,3.0198593591621564e-11,9.059578077486469e-11,Yes,-1.0,30,30
IR,Max_Start_Datum_Diff,Ischaemia vs Congestion,650.0,0.0031829591616507357,0.009548877484952208,Yes,-0.4444444444444444,30,30
