State,PI_Ratio,Amplitude_Ratio,Delta_A_Ratio,Red_Datum_Area_Ratio,Red_Rise_Decay_Ratio,Red_Skewness,Red_Kurtosis,Red_Variance,Red_b_a,Red_c_a,Red_d_a,Red_e_a,IR_Datum_Area_Ratio,IR_Rise_Decay_Ratio,IR_Skewness,IR_Kurtosis,IR_Variance,IR_b_a,IR_c_a,IR_d_a,IR_e_a
Normal,0.4316787560164538,0.6216706659868813,0.431384169586317,-0.6641989370084613,0.19799498746865926,-0.32298652460311716,-1.2146857438319338,0.09345397637934318,-0.9903991733690388,0.19313915149869573,-0.18703720432989393,0.29484581746513117,-0.46230065591567604,0.19316770186334203,-0.1969287191064184,-1.2863309039347446,0.0959576806850005,-0.9992246097333761,0.23442781313043434,-0.21513981131032514,0.195806477906874
Normal,0.4158860203167206,0.5989773517752399,0.4155881063122971,-0.6173428077753463,0.20588235294116358,-0.3443032271030507,-1.321165236129388,0.10168914149800054,-0.9296375638913758,0.34793518859243844,-0.35684432544488637,0.6642222421506284,-0.5102213987033151,0.20364550597107456,-0.12577674089800395,-1.3177721366919728,0.10093554055333799,-0.9846251605696186,0.19248911535708388,-0.17579957332326396,0.16049218322554282
Normal,0.45987928546433665,0.6624033367427719,0.4595741470082691,-0.48222081995730903,0.36274509803919025,-0.1314937198657139,-1.3644424480231292,0.10374880301447283,-0.9959911534215439,0.3105679692238328,-0.7488932048030967,0.7037408281998104,-0.4375678509875222,0.21379310344826244,-0.13073122343964935,-1.3563400866402673,0.1013599867674052,-1.054183583290639,0.21678140820524533,-0.19702975612960033,0.17385024739415555
Normal,0.43532062039864694,0.6269981387570115,0.4350190530925852,-0.7070323073495707,0.2108801955990091,-0.10143617749460394,-1.523343034507723,0.10511564406239993,-0.851523050492855,0.285174075287789,-0.35947211822423913,0.3779542957081896,-0.46497582747334326,0.20734744707346156,-0.12312595056099361,-1.3727623009567163,0.10176275766564845,-0.9734843095813898,0.19898444480223354,-0.1659513295246912,0.16108331031542944
Normal,0.4136076892750772,0.5957524715034106,0.4133144388278561,-0.5981750565225583,0.3616863905325176,-0.3459558223473272,-1.4320476361980048,0.11760628098768287,-0.9470052682506453,0.6123439136731715,-0.40625864704873793,0.28529021980191976,-0.5021637646116259,0.20099875156053676,-0.11042496392497088,-1.3792559931699089,0.10371537008193946,-1.0789108363914044,0.19517391031257444,-0.21772870949452722,0.18455858464118935
Normal,0.43290147823942104,0.6235118603240524,0.4326053999752368,-0.460870723843997,0.24952621604546749,-0.02937634552073588,-1.6085599462697793,0.11466921381150105,-0.8587440208830327,0.19532615382823695,-0.470114129045314,0.28003886142123735,-0.5022452280692588,0.2054965646470827,-0.11246790661444424,-1.362357497207331,0.1029300655571922,-0.959733740773208,0.1593746406734514,-0.1346612735294862,0.17723233626904114
Normal,0.45576756953303416,0.656409417970538,0.4554680590242102,-0.9367842313770209,0.18176291793311963,-0.17558159767902476,-1.2932508785616066,0.09103993690641286,-0.8441541628721742,0.3054606100777417,-0.3291877998291359,0.34963625037798773,-0.5093909755749797,0.20012468827928925,-0.10747537428496302,-1.3744235270345746,0.10261074477560075,-1.0428087796532215,0.21783900957013355,-0.21265985375878527,0.18646791090011902
Normal,0.47541791901450087,0.6846630529468835,0.4751189379862996,-0.794632543878154,0.18964441671864068,-0.0880511021864531,-1.324906031102964,0.0970541069880562,-1.1895048678015936,0.3834606576784376,-0.35904765113345877,0.3011965691768364,-0.46846779973545566,0.19987507807618987,-0.15211069239737152,-1.3743432178809996,0.10320443433555636,-0.9817277900248874,0.28203787150449644,-0.31998346248105264,0.1282800093893272
Normal,0.46549646515517595,0.6704800060916071,0.4651940128903192,-0.7964933670717539,0.17249846531613428,-0.23751182866389034,-1.3037240294586567,0.09410254091932822,-1.0067925562457996,0.31656139785334503,-0.2823571650225276,0.24213487159976177,-0.46045815770989834,0.2058640049906297,-0.14656373523084743,-1.3531587090291062,0.10236398748546854,-1.0613774132656393,0.17931563271396692,-0.1927638759795381,0.17300452026158772
Normal,0.4310428353668318,0.6208835252308382,0.43073987285618426,-0.6361062766006267,0.4270101483215904,-0.49113726738512437,-1.0469878005170423,0.10212691811369783,-0.6552584814763224,0.2033957085417813,-0.33102866350969407,0.32235113387750747,-0.48187794654161276,0.20511221945135877,-0.12279224158631423,-1.3612679349572343,0.10064977157183994,-0.992543780071022,0.19609451940739236,-0.17608615795331675,0.1700504095156872
Normal,0.5027615691079192,0.7241616560988425,0.502459546410824,-0.15637619714154122,0.2809493264913226,-0.05358069827852678,-1.3880935524952633,0.09908272217836514,-0.3805645018505278,0.08822457156350647,-0.2250157940190493,0.46325326684424945,-0.5182024695782927,0.20099875156053676,-0.11370446958085637,-1.3710622604307872,0.10237754204319369,-1.0005553666400835,0.1626605855921717,-0.1549795324971953,0.1606730636224544
Normal,0.4874770542472981,0.7021924344882213,0.48717838103033323,-0.7855824331696643,0.259776536312831,-0.15508903808296207,-1.117682256498511,0.08858258969837832,-1.002053526455279,0.08158482079766204,-0.2302551826439507,0.29281530557820046,-0.4755260906559144,0.2032520325203125,-0.15316952965556666,-1.3608177891521416,0.10286457629435607,-0.9745096069184196,0.2515206222973212,-0.24746881310978291,0.14737716680991733
Normal,0.44380809730869486,0.6393053880093522,0.4435095155867314,0.5699979042191726,0.39999999999997077,-0.23487414679743462,-1.3156611622058754,0.10255576616602466,-0.2464420844589319,0.611963722301829,-0.5047901657409929,0.7764124240710796,-0.45946783535430874,0.2093749999999869,-0.13136912560288813,-1.3244638471375305,0.1027389944365725,-0.9650261230364895,0.20264711307331296,-0.1910809141704379,0.20048131096697955
Normal,0.5182806330005474,0.7465808224012357,0.5179810253650545,0.2978043737768742,0.31058234189102624,-0.2101116071932671,-1.3050214196609502,0.08999324869460892,-0.3415935709586843,0.7183418878216493,-0.4295332170648675,0.34280176584627164,-0.47087349035856996,0.20362273579011844,-0.1445011689238466,-1.3544037432297518,0.10494107025401822,-0.9925420227179724,0.24289994374821622,-0.23110264547756185,0.13691110713782878
Normal,0.5357048520147535,0.7715800679077315,0.5354040223242903,-0.5439050721205865,0.3735955056179513,-0.2778654159191804,-1.153321172024528,0.07847467812462547,-0.8764158939092089,0.3197992935099374,-0.5167161074757612,0.4753084898848488,-0.49670309775281674,0.2011173184357417,-0.11599765992369074,-1.3335471799121947,0.1004068277395555,-0.9703706983713125,0.25136135973493456,-0.23471171681002595,0.17225750916760896
Normal,0.4536545471130783,0.6533764878063356,0.4533578480776625,-0.6189510164021349,0.3758146270817975,-0.45643705419522235,-1.1216520548263553,0.10006408074092524,-1.0515152249858821,0.5211996771626357,-0.3835272523760187,0.4179957924076248,-0.4681299494218753,0.199376947040486,-0.16633980138015836,-1.3589844281932557,0.1037267667816274,-1.0755799866819566,0.2772328964276857,-0.23829556970954832,0.1690364052210892
Normal,0.5097377110103172,0.7340622075395019,0.5094318659966371,-0.6229556607242502,0.20595690747780696,-0.2970749274030483,-1.0589351710178732,0.08214678167288028,-1.4363811805133129,0.6190827891711024,-0.4591410170935008,0.16768876773067834,-0.4668167943415116,0.203368683718016,-0.12521249623575373,-1.368948309874087,0.10206725082719109,-0.9714905019155881,0.21532001652746807,-0.21693905882378509,0.14606054725874285
Normal,0.5472355204179469,0.7880471199330196,0.5469371701189318,-0.5484583353698341,0.2412060301507386,-0.11511094153707316,-0.979210147690778,0.0805260714655924,-1.158750027182269,0.185765463294284,-0.3288281900524313,0.4457278739189638,-0.47671555286031003,0.20211442786068395,-0.1574957767463365,-1.355243643033938,0.10329675846847017,-0.996821961750574,0.12805945810586317,-0.18467252518704982,0.1466075114419739
Normal,0.48201928971529223,0.6943273959621482,0.481715950714151,-0.6505501990525914,0.2489959839357263,-0.1722724716145035,-1.2938901651267594,0.09340521705963442,-0.8257118784629252,0.36514419279119725,-0.3213418821637771,0.30381106984660083,-0.48305084472894316,0.20248447204967687,-0.13603411468829787,-1.3433549447420152,0.10315109164488961,-0.979842107067718,0.21390811509298915,-0.19152433503349245,0.14358851598501235
Normal,0.48617943347410425,0.7004430916631297,0.48587384366147535,-0.44661046251032116,0.221059113300479,-0.3648195444106702,-1.1874720357070576,0.08293569373042498,-1.0767910432597492,0.5565318792219811,-0.41495713984226906,0.5407636988651259,-0.5082354957745858,0.1929499072356096,-0.13665972222631498,-1.3661276153416748,0.10198833765931227,-1.0438879750317815,0.285962096934414,-0.2902805657536337,0.16433938151043076
Normal,0.4714860248765362,0.6794510827446628,0.47118354611008606,-0.5673012263346126,0.44950331125824095,-0.460111424141984,-1.0056502449711089,0.08759988227270302,-0.6947632518337847,0.19463877955859785,-0.35193935006023286,0.5083108926049625,-0.521505302334771,0.19874999999998758,-0.1173075356139511,-1.3523212469497994,0.10201641597470833,-1.064494579753428,0.19187978389134397,-0.1946938776098016,0.16078192113748635
Normal,0.47239089631615305,0.6808292712334589,0.4720930366099772,0.19520893281128715,0.29520295202950214,0.019450024620701164,-1.4410408814771525,0.10368199666937655,-0.3275443593234537,0.6977716671439317,-0.46493181032257663,0.4143101520140468,-0.475896636986454,0.2070043777360721,-0.15035834499708892,-1.3387587316790406,0.102856211769868,-0.9958794835755604,0.2300073035890915,-0.20841728988564268,0.16400666805689584
Normal,0.4591102285672153,0.6617937944093507,0.45881108142540816,-0.7568658100647623,0.4259796806966309,0.001707075869741215,-1.2527672339565903,0.09473129584417482,-1.2108281213903314,0.7623892355161285,-0.7301452277469602,0.3624592306944074,-0.4649639717034193,0.20953575909659913,-0.1305119442019879,-1.354552134710963,0.10342083863263174,-1.0338689480745076,0.21870076971205568,-0.2331163750320286,0.19650933196633572
Normal,0.4490735520303681,0.6473954606250862,0.4487755769135865,-0.8912965211332592,0.16115196078430385,-0.2530659430429953,-1.2187851162991898,0.09325179969563073,-1.048135570446879,0.41617695791451537,-0.3788103041951032,0.21874322675143423,-0.47742649266996345,0.2014925373134203,-0.1321521297970441,-1.3702785694646837,0.10253342355758757,-0.9933515654898725,0.25157235718593196,-0.21592731823596542,0.1967357144839408
Normal,0.4197047086959824,0.605089381607645,0.41941258448991464,-0.6694162995287446,0.20232708468001276,-0.35724989440265364,-1.3635464889107076,0.10412061069579423,-0.9284104886017194,0.3476927243351045,-0.337440224578203,0.27846023686225513,-0.49349593911618483,0.2054965646470827,-0.13525514617737627,-1.3408541474481626,0.10244773571997504,-1.081893251876299,0.19907144948069294,-0.1877303609655826,0.188071841715038
Normal,0.4362274234649884,0.628892747021709,0.43593335393263377,-0.26738179544513574,0.2576228998133007,-0.06019636077621958,-1.5734420573711518,0.11142934567547333,-0.5550878515301243,0.40682710185971815,-0.3607250968385197,0.36491035294499996,-0.4798218495654054,0.20728643216079098,-0.14296593310979427,-1.357909214395662,0.10365421826988847,-0.9669029025610286,0.195369662762575,-0.20159321902873872,0.14427497960086347
Normal,0.4757201669053313,0.685814016503541,0.4754215161501543,-0.7639033480996938,0.34199438202244786,-0.27944031659655927,-1.2828472383202043,0.08978603922667167,-0.9552231294734361,0.38162721649593884,-0.4013485055568897,0.39606268352492235,-0.45906323837178653,0.2118164676304078,-0.132577108106034,-1.353757355392568,0.1045000816668606,-0.934416012429909,0.2275167122889365,-0.22142732340217808,0.16385929437193222
Normal,0.5063798886406782,0.7300631989091482,0.5060780551816213,-0.8529657201899278,0.19974715549935526,-0.2575192469428665,-1.0633872671228364,0.08076635401813347,-0.9131239983541919,0.2634002796688777,-0.15942108672493466,0.3109160338508463,-0.47986920560513135,0.2057716436637261,-0.15320723593308055,-1.3294426130778905,0.10107700768943233,-1.0026609131154613,0.26229184701189295,-0.22859139073936546,0.20706707366494614
Normal,0.45472877512231,0.6556601552083821,0.4544364170769902,-0.5277253950886045,0.20434782608694382,-0.40577434189062866,-1.1977345692632182,0.0960906726670199,-1.2269525740148794,0.4582200164345191,-0.3930827441369496,0.5282193736795784,-0.4519959636595199,0.21259351620946304,-0.1947423665748847,-1.2923416374169643,0.09884068410232524,-1.0072946185271674,0.18232614410331704,-0.16720134327421493,0.13786367633879265
Normal,0.444136757103042,0.6404002181069391,0.44385508752185016,-0.8805956679342172,0.3137254901960572,-0.19066023090960227,-0.9415094226176013,0.0707662302037357,-0.7796943202020306,0.3118245250786332,-0.5850815276090646,0.6291103850477201,-0.7444735136693608,0.19454770755884793,-0.15587117235329062,-0.9081685207642969,0.06828199246089181,-0.9577326333435258,0.17502284114037797,-0.18123145447507877,0.20898588726938783
Ischaemia,0.4960468157239858,0.7149148850940201,0.4958593345580951,-0.8744534045515137,0.19963369963368743,-0.20536830490747757,-1.1340520533904335,0.07955675577925418,-1.3665852712257183,0.8849016885840454,-0.5928292768134977,0.5470706605930336,-0.5649005845818738,0.1738601823708101,-0.24905543694484236,-1.3347970930762336,0.09971639818699951,-0.9777521852504995,0.36855681266758095,-0.3287455573004163,0.2073845310911918
Ischaemia,0.42539594414437837,0.6130677776867954,0.42520994208051616,-1.4474291844722014,0.3001302083333138,-0.22090806169864727,-1.3252327125774919,0.08823283328903755,-1.089775857273581,0.3773558968258468,-0.41071003258522293,0.47665293871987413,-0.6271812296484726,0.19400244798040428,-0.1405423826303572,-1.3748024836075532,0.1021109750186652,-0.8778441976541123,0.24093721467152232,-0.23929638950847823,0.19332245562963796
Ischaemia,0.49255970252987025,0.7098905104811588,0.49237016494122526,-2.173900498792976,0.16859403530126787,-0.039049789844101,-0.8977086431072245,0.07324047492290128,-0.9688459123172825,0.2222265693646513,-0.36249830697092017,0.4708281837059234,-0.6312716377296066,0.19561243144422938,-0.1261384928964614,-1.3881227141541537,0.10362081908366265,-0.9669189343055963,0.20929305479619284,-0.26568522463034633,0.29493406313350334
Ischaemia,0.4723253648299681,0.6806669780083292,0.4721321133801602,-0.9458942640165697,0.3645690834473075,0.04747794503914282,-1.1484613613088983,0.07228163602091772,-0.8389224870422678,0.7830735034684929,-1.19731803413237,0.941589225162075,-0.6883949608842815,0.18121212121211022,-0.1314509309928182,-1.3569800606679894,0.09960186489399094,-0.9663758198983794,0.28409874043634464,-0.22850415683141187,0.2013558434751055
Ischaemia,0.4057152793453133,0.5846994416278812,0.40553058069406417,-4.338446499645687,0.20403899721447047,-0.3183499345683184,-0.8461804563916617,0.07709654606217708,-0.879707319015584,0.3291643978145189,-0.41335912130503216,0.3229903060312806,-0.6338483397477863,0.18617343844753267,-0.1595087846385991,-1.3920847520053485,0.10299758406604811,-0.8900717622304428,0.1959728593860136,-0.22400464733546754,0.20407325405173116
Ischaemia,0.4187992005672754,0.6035323927678329,0.4186102111620898,0.07034125052096181,0.31466828971391875,0.012680083975628793,-1.557966010439939,0.10376292489126517,-0.8062972135044821,0.8332391298735764,-0.5549040943276211,0.32561384958261724,-0.6550954015297265,0.1786795881283962,-0.17450331595525953,-1.3631089753764245,0.1007798446786736,-1.1191246344173351,0.22688748356711486,-0.26986285114456804,0.21455285803940252
Ischaemia,0.4154662827436476,0.598749196152565,0.4152756661123819,-1.498562313456706,0.1696606786427033,-0.5112844147188773,-1.1987165728335827,0.08879598452885416,-0.8836521255203836,0.5108470789662365,-0.4150133675626527,0.3260022263135424,-0.62296343989853,0.18655360387642722,-0.14013651503564484,-1.3759594889995164,0.10032791982198326,-1.1521934466085186,0.2845869555462396,-0.2336638060734921,0.2250023829558998
Ischaemia,0.43297442211012327,0.6239307121795723,0.43278335102643645,-0.16959232678641964,0.2892363199037709,0.0009351468309354366,-1.5078610103520649,0.10263029849585796,-0.6780537569025287,0.8552054246456556,-0.2912702708486666,0.5151454435778972,-0.6699789438830017,0.17326139088727976,-0.16420725923551413,-1.3830926344109595,0.10073568008660835,-0.9889691720440805,0.28553867961664847,-0.29043677450301825,0.210628311360916
Ischaemia,0.4494962331200688,0.6477070262773675,0.44930375905534703,-1.4433527164477848,0.3219034289712861,-0.09334580457397015,-1.2620534926231923,0.0891086099298527,-0.8147893858819263,0.6130746175516697,-0.3253581873558347,0.3490982596834703,-0.6823373091749776,0.17320458660228286,-0.16051013102386338,-1.3779646406742272,0.10084554715198821,-0.9421036083054721,0.2257511888612219,-0.18781727598863182,0.1836821832055804
Ischaemia,0.47255852182704133,0.6809707929262823,0.4723674472044943,-1.207607867930981,0.2978177150192363,0.23034311458861392,-1.099425026438198,0.08416350842324448,-1.0012480139892996,0.2373176484258008,-0.9220998587225667,0.9588123922736411,-0.6355190499837828,0.1823708206686819,-0.1872898003653892,-1.3602338676443169,0.10235495103336693,-1.0279981769973747,0.245910864297283,-0.3035140996154093,0.20055745610536538
Ischaemia,0.43563742734294814,0.6277191951933345,0.43544833742213757,-1.363960912714213,0.1457227138642982,-0.22613435529464948,-1.3078956275361644,0.08617784436442494,-1.0521040499731507,0.5955258143259877,-0.5248028149984553,0.9879551335303679,-0.6039893376333527,0.18480243161093102,-0.18669605709797965,-1.3575006569856152,0.1037451849145238,-0.9420258863661615,0.2729949442337606,-0.2577625295232151,0.20099255658464765
Ischaemia,0.4866815676885283,0.7013845246971712,0.48649159187170987,-1.2741269591665294,0.16825208085611365,-0.14832272859804463,-1.1435584676106574,0.07511799742114826,-1.102766513011215,0.5362475857013305,-0.6408651435866345,0.484134399977094,-0.6142638232435825,0.18776499091458584,-0.1521211975844296,-1.3693369985735426,0.10571052651817517,-0.9281468377648928,0.2444439615462756,-0.28259146769491755,0.25938668729738845
Ischaemia,0.39511903019179834,0.5694277136424005,0.39493689868462634,-2.8859869043862245,0.4444444444444073,-0.6116428675405505,-0.6343676713267037,0.08417861049010258,-0.7855233496937942,0.2525822444627418,-0.4055914305723431,0.46504610338431995,-0.6548345320214591,0.17625681405207896,-0.18041494400130553,-1.3811619558731794,0.10401912012306198,-0.9542791958969129,0.301953773426769,-0.25361083948440344,0.20896934021662064
Ischaemia,0.41159960040014393,0.5931623478502638,0.41141205166467565,0.9076388705717782,0.4036958066808526,-0.11140849621667753,-1.5488771262915193,0.12208351088807118,-0.5638869403509877,0.9612639318348871,-0.8979994451996411,0.8660584320429886,-0.6189077529310784,0.18875992669516256,-0.19279641802878383,-1.3364759338060757,0.09949170523543505,-0.9890314984965171,0.26377695925876915,-0.2372470273313932,0.24779810265290286
Ischaemia,0.45170429096440573,0.650897673112395,0.4515119335595499,-0.5449327503870514,0.2646887725421603,0.10467379144073828,-1.1702444901197173,0.08131439405363891,-0.31170764067776496,0.6311508617259008,-0.4594840043459093,0.5060004809616393,-0.6051124069350883,0.18044659022328421,-0.18130732458285048,-1.37938872706215,0.10027070323428607,-0.9782201423692306,0.3008273669863187,-0.2817088170531322,0.18363670929488565
Ischaemia,0.4177731734984851,0.6019807631489034,0.417592099752217,-2.7746869468073276,0.295315682281039,-0.3478085020857227,-0.9832344018480264,0.07709022164315944,-0.7321001893940509,0.444034975020403,-0.19933410883123373,0.5478325121449513,-0.6407500483782494,0.18110236220471343,-0.1719127307284708,-1.370349703181274,0.10759376714898447,-1.0129206556006929,0.3079721792185443,-0.31366988994007566,0.19936073417643582
Ischaemia,0.4302214049339211,0.6199167155241535,0.43003348812626635,-1.0288530599896792,0.6227848101265298,-0.2859579661307234,-1.1543861757576266,0.0789203931622611,-0.8882903804338016,0.44900584290320805,-0.48063490893961996,0.5530069785736899,-0.6708422084346972,0.19193154034228654,-0.16333573609809798,-1.3174936834872084,0.09968238951316967,-0.9269269686828345,0.22755596974970396,-0.21654219761037344,0.2862924691197829
Ischaemia,0.4180147641159499,0.6022087275003319,0.417824964548029,-0.8841067494391912,0.3371161548731417,-0.25724435496399356,-1.3676249288955138,0.0905786499147699,-0.9195276934710842,0.6066693712002265,-0.6561842271285844,0.4270821610543396,-0.6345353286044195,0.18963414634145184,-0.17290226955278135,-1.3224846307775795,0.0976410481244824,-0.9502106407012386,0.25658209994857517,-0.17729841570585256,0.20617632416697917
Ischaemia,0.4730226801713429,0.6815638467759885,0.4728330466580634,-1.5782015048689146,0.16235294117646104,-0.07666929567684205,-1.2645412589328506,0.07579016516956535,-1.059153239915952,0.40582381364086095,-0.27889731447428545,0.3508283057037173,-0.6081676507748437,0.19088145896655373,-0.19936442000468915,-1.3434751641053364,0.1010483631536621,-0.9732392324266796,0.24995729576516845,-0.214451010986312,0.17535317455637164
Ischaemia,0.4568683005314352,0.6582794797845579,0.45667712644389885,-3.06992187707678,0.46826758147508846,-0.2500396173199259,-0.6640674053115339,0.06866828485916027,-0.9597682853428178,0.6719731604554843,-0.6512475626909289,0.39182704858702266,-0.63449573687563,0.1797955502104522,-0.1664487261538952,-1.36478723030958,0.1001421513634811,-1.0644598538842465,0.33598547238932097,-0.34173806586341654,0.20090829989144518
Ischaemia,0.4153292068762255,0.5983365188331504,0.41514595724002534,-0.43776754798325596,0.29104919976287547,0.04747879342485794,-1.1801029154325395,0.08419131221569423,-0.42486811106774214,0.443414428322975,-0.8190312862874576,0.7287152703665133,-0.661094244566537,0.17678893565843795,-0.16318327610876568,-1.3765858733822465,0.10253104672510349,-1.0579625711293255,0.36107107908412023,-0.29304892688674217,0.25415771689824274
Ischaemia,0.39451281127368665,0.5683326455598633,0.39432807085216426,-1.10368251614526,0.25996080992813453,-0.47936983900044183,-1.1493869124173095,0.08555142931685501,-0.6913753876692514,0.3975971328529692,-0.40372390260773944,0.4275438962817018,-0.6822472131645745,0.1810975609755987,-0.17747108016432364,-1.3368617432540781,0.09818917893830593,-1.073722852596813,0.23889178862861501,-0.2556285487233968,0.17385824860127963
Ischaemia,0.433259810583582,0.6241870206878136,0.43307783816877976,-1.8914197616569404,0.1554878048780393,-0.3047701527931371,-1.0034492323565292,0.08289278254464555,-1.1534489309403806,0.7523506376785754,-0.539345323778906,0.297780085146545,-0.5971488653274417,0.18810679611649345,-0.20161327268127535,-1.342663118910247,0.10473236913492405,-1.0490471869009763,0.332924082887887,-0.26629893376680497,0.20879057154383376
Ischaemia,0.41001254665513603,0.5907196691171277,0.4098274536552825,-0.9783796688204204,0.23936816524907414,-0.15501483846555833,-1.42166585580156,0.09807705176299421,-0.6658949322640717,0.39009554097470556,-0.4556521109010548,0.4566895876582713,-0.6204832961643185,0.19177253478522735,-0.12346720856395023,-1.3632833561530964,0.10048238747710107,-0.9959527963905869,0.23889939327789053,-0.21873191923124427,0.19960053129394575
Ischaemia,0.4358687106993417,0.6279224373802367,0.4356823915161269,-2.2493427066373393,0.3289655172413566,0.12352635879147703,-1.5598515962363444,0.09940133471532547,-0.9119096242367872,0.32032376274038393,-0.3423133508064732,0.3480335936188637,-0.7020279680024736,0.18004866180047566,-0.144992601263619,-1.309264836801323,0.10010888139540675,-1.0566356524986427,0.3149892939823449,-0.24073114949168264,0.22374916795059813
Ischaemia,0.4460721709959351,0.6426659701698856,0.4458852589529853,-1.6003396695794068,0.20374999999998725,-0.37092797223633944,-0.902825228923231,0.08075799471427725,-0.9145571434489096,0.24783957625308867,-0.3245644363079011,0.1995323044580633,-0.6097414741405549,0.19536019536018343,-0.1537506011637853,-1.358450791337083,0.10138447586332275,-1.0173267280435265,0.21791661759510172,-0.238894017376349,0.2612813019333803
Ischaemia,0.4273607172500679,0.6157059714810794,0.42717411000576583,-1.479249423152478,0.24697644812219943,-0.1870760925340703,-1.3375856299128963,0.09073193214501439,-0.8522764445431633,0.42283675622189576,-0.8939393297278685,0.708202889847068,-0.6382068763834479,0.1868198307134107,-0.1493129834151107,-1.3510115199231354,0.09910451981107449,-0.9337177050553616,0.27450603266708573,-0.31779748231918664,0.2394526564413958
Ischaemia,0.3933741046590584,0.5667416469587812,0.39319477995226315,-1.1806331464734683,0.3388484447385613,-0.3274680845214591,-1.2823009177077886,0.10353232763625123,-1.0515940207463224,0.5949754479085556,-0.41782330528357015,0.37055223292964684,-0.6391409057485117,0.17950272892661132,-0.23601282132434928,-1.3478759136264453,0.10202304074232176,-1.0096887986394498,0.20548899637906098,-0.2567450227747858,0.21251157108839966
Ischaemia,0.45798924996347445,0.6597425663027602,0.45780659876480634,-1.4618626277451612,0.40339233038345107,-0.19319099292029898,-1.1104962603654172,0.08036526724361583,-1.0330211547646289,0.7593850616721418,-0.6104619394404625,0.8970139677177529,-0.8088528531793092,0.18137847642078708,-0.22355534028830384,-1.157922303212043,0.08217485072541614,-0.9329495989936697,0.2634973028299013,-0.22280982282683795,0.1766396004215957
Ischaemia,0.45800034502600845,0.6597241861690069,0.4578302901468583,1.6346571940250028,0.19105984138426885,-0.07645023122927269,-0.5379218240100747,0.05742028470719866,-1.2157238290114079,0.6511811052061993,-0.5534539107989218,0.6876189252629453,2.621166255617749,0.16726190476189481,0.15530073736028008,0.46192051396031797,0.042476402574216386,-1.073851689141415,0.32137906315224296,-0.21353098883173088,0.24339598843668855
Congestion,0.8214184505823827,1.2030689603709157,0.8213238741650911,-0.37964056915981975,0.39556962025313325,-0.47839234301031125,-1.0940350953198015,0.0880767080063228,-0.7914066160169412,0.25835766712496777,-0.420038490471418,0.3505875833050078,-0.32617319456011407,0.20683111954457895,-0.3965246205539933,-1.2613404994190391,0.10909079577739086,-1.1001596169955796,0.3402527496747165,-0.380508191711078,0.28652453499024283
Congestion,0.7800167316871881,1.1424115706253701,0.7798946623651248,0.24887556411768913,0.319344262295061,-0.1268122263034006,-1.447341353271117,0.10866332242489608,-0.29619814974154723,0.4422454749735551,-0.35956653726774984,0.48764358746124586,-0.4275473101959768,0.3264033264033038,-0.23448739168468358,-1.3761463738617359,0.11639230817498931,-0.7485053336546883,0.23322162934535917,-0.30173967658355677,0.26089151275486
Congestion,0.8205053535662915,1.201878960759081,0.8203992079112145,-0.5485198345238539,0.21878862793570958,-0.2597087412950383,-1.1276509753104371,0.08377770332195551,-1.2807848056321,0.6978815432119319,-0.4323875045030296,0.4979669272706928,-0.38065137606757665,0.22405063291137822,-0.18419685457116172,-1.462229799147838,0.12178650429265626,-0.9718157315384096,0.4592659826272572,-0.4123711468103403,0.2737270745851913
Congestion,0.7216419013790105,1.057199139904261,0.721493057570422,-0.659522498471044,0.3292096219931045,-0.3411398729329331,-1.2983354113635237,0.09596272770802045,-0.7294086310721859,0.2885736825373069,-0.27495854212399107,0.2085161986784964,-0.4619692195675036,0.2316129032257915,-0.19710122363574561,-1.368180934327321,0.11564677228650412,-0.967094623924729,0.2945556937848431,-0.2661392307457903,0.1968929675756578
Congestion,0.7827627112203751,1.1467032867531508,0.7826400412689306,-0.8260785336330793,0.19065420560746474,-0.2665995579985828,-1.0960937352228761,0.09056034810599808,-0.9747717620281952,0.3045129651832127,-0.30847774070097506,0.3181688578320847,-0.37542372800654916,0.41310751104562493,-0.21854775272475596,-1.441063712414168,0.12209144239769489,-0.8897531998441405,0.30125409121574304,-0.42666683792440807,0.3094493097062458
Congestion,0.8083992270444668,1.1843224609169951,0.8082874562613125,-0.9620002960973321,0.1927016645326381,-0.3278854587709933,-0.9188176868524538,0.08470788641501299,-0.9453433301471584,0.27678059465166815,-0.24072982323899814,0.35740120788908136,-0.3806256690906615,0.22584772872679296,-0.2376326598255902,-1.4319138235464108,0.12253440478629614,-0.8931074372473472,0.2669859418971097,-0.38143667879436133,0.27409353835218764
Congestion,0.7679216919982846,1.1250952021153324,0.7677892801620071,-0.5213809064890343,0.24260752688170412,-0.45434770299107763,-1.0371912223702073,0.08652070997318727,-1.1062103479834489,0.5767976110132785,-0.4883742274768855,0.4953725062981132,-0.38236662094170776,0.24056301983363784,-0.21059070858103518,-1.4335013604014375,0.11651233950522087,-0.9534154740722274,0.13718004179430332,-0.29116942188766864,0.3118887548965556
Congestion,0.7614584938445191,1.115656180975971,0.7613218745529929,0.08326323861202607,0.4696969696969358,-0.030127970266100937,-1.4943687668732555,0.10717204012704049,-0.15824490370988648,0.28255298645242216,-0.7274174669599118,0.6654575902825569,-0.46336347778344433,0.22413793103446844,-0.19353425756412876,-1.4205600298816248,0.11582821662280439,-0.9905021873337453,0.25702649860729737,-0.30564674695790056,0.33249699617668727
Congestion,0.7214393619995608,1.0571923744084863,0.7212899941779949,-0.8075154392863505,0.18653489808522628,-0.19571053177390393,-1.235965431004762,0.09130461183884703,-0.9735999869233942,0.3541069957596829,-0.41460212777613564,0.49908633959753584,-0.4457703824362617,0.21132075471696785,-0.16455526020953712,-1.4526050205272076,0.1170404813407107,-1.024370236192639,0.3461481949679515,-0.4428465722216577,0.3112534318157965
Congestion,0.6760267546256826,0.9906709816249409,0.6758680980678744,-0.4469873407437416,0.22068965517239994,-0.3583773689855881,-1.3399372442084492,0.10989020890174228,-1.204201160795721,0.626979636647462,-0.49918078881898964,0.5626895148024882,-0.459599170960513,0.22413793103446844,-0.16717673316597018,-1.4584141979726462,0.12186547357433777,-0.8845267799686867,0.19106827608526453,-0.24308170553109013,0.2174248423161643
Congestion,0.6920604436427092,1.01424056241387,0.691902657059857,-0.8214673807487595,0.18913480885310602,-0.5231131636210152,-1.0893559842397038,0.0937993201931619,-1.0379335535750236,0.31633481456249907,-0.25715158301619223,0.21033560371744484,-0.4445911678192298,0.21673003802279994,-0.1959681101820349,-1.4292052763392118,0.11696001454549254,-1.0624331352507468,0.3534526311421161,-0.36320786553666573,0.24380800904205044
Congestion,0.7599422517769862,1.113917446735248,0.7598055307199331,-0.04033223522854608,0.27193528313626186,-0.294049151885272,-1.278763868394855,0.08529455194317839,-0.1732035336581067,0.2907859452752046,-0.5542263989665661,0.41606907945368915,-0.4436252314900373,0.21212121212119872,-0.21147226044431994,-1.4317772371942086,0.1172721466852942,-1.1010613120500323,0.40844088128043887,-0.38276001398442755,0.3134386113462305
Congestion,0.7904056595477549,1.1586689412625175,0.7902815673728395,-0.48947419430699174,0.285216178521598,-0.5555443209510752,-0.9246779477655842,0.08978022819252889,-0.9182046051044757,0.08877219349856702,-0.26146115713584783,0.27098610162883974,-0.4259262492799943,0.22307202039514193,-0.21101149867588312,-1.400636355435932,0.11771472045681981,-0.9931922878581039,0.23129516311694537,-0.263958983520511,0.2600284604987203
Congestion,0.8421219895609496,1.2344599325282144,0.8420230232423315,-0.25243064560320394,0.2707672796448782,-0.35862622714714953,-0.9877156899457122,0.08469422771110283,-0.8543415024288336,0.0824470015203037,-0.32929126692597094,0.6239084354126073,-0.3968753732765563,0.3963898916967223,-0.19450486050975155,-1.4249096035969275,0.120303878856972,-0.9335447075362063,0.3670038359760683,-0.3936839155469251,0.20683875217131972
Congestion,0.8001600770714328,1.1729474498445638,0.8000391444841741,-0.4234409041349517,0.3989935298346226,-0.2826634596844414,-1.3468448303206406,0.0876781653777196,-1.0107507482822922,0.6982494797108149,-0.5605957531956188,0.31336928966521255,-0.473955943194738,0.222008957133703,-0.1731242873250795,-1.4327767144557961,0.11670556632414299,-1.0581831134293809,0.22450007892946963,-0.2984087548397654,0.240897922421468
Congestion,0.7084668080603606,1.0384834670929701,0.7083089035661383,-0.729823057199467,0.2184713375796039,-0.18746859521063114,-1.3586651822364344,0.10453091500062445,-0.8819614463039099,0.1666357589483694,-0.26356338212938113,0.34669999247663047,-0.38531604893365623,0.34335664335661936,-0.21458203424576539,-1.3946821126229454,0.11720877870865155,-1.0064163975260172,0.3323978183882697,-0.3228575260753365,0.33623358285742894
Congestion,0.6774435336695465,0.9930554740811123,0.6772739396022376,-0.7037981340572456,0.18749999999998804,-0.3387280331397591,-1.294117914596076,0.10606971719245356,-0.9372810481167014,0.28237077226161655,-0.2605340644589305,0.358362049966572,-0.45295663005021203,0.23699421965316397,-0.15082281869875183,-1.420036437722777,0.11311908220709012,-0.9478932761727588,0.21094117137478496,-0.2527178995560906,0.21861662117569974
Congestion,0.643008405602521,0.9425267814021437,0.6428319667404602,-0.4909646404311547,0.23416149068321526,-0.21431192040200736,-1.52183451649417,0.11562931452454335,-0.8581530924963969,0.24806184995831557,-0.33383207095733897,0.6293457470844084,-0.4370461029084105,0.2158227848101129,-0.19370803498147085,-1.4501810502115045,0.11555406201349859,-1.044459399614263,0.34471879788509796,-0.3499497963839616,0.3012180606955619
Congestion,0.6715739757561956,0.9845941683184444,0.6714038289768461,-0.9942886163219185,0.38939393939390987,-0.02610691915980284,-1.175603811528763,0.0975728826591064,-0.9197047545349414,0.26980200153971046,-0.48921448631940817,0.6272929110077913,-0.45737961768750407,0.21424070573407597,-0.18112117093627036,-1.4381995753416235,0.11542470261142454,-0.911706156193169,0.33037799214205404,-0.4380395419897819,0.27461895525214236
Congestion,0.6618989633412041,0.9704646080695306,0.661726995488698,-0.6164296148443011,0.24430379746833897,-0.12955383018060243,-1.2700928187958496,0.08912598461397254,-0.8972027712756186,0.5061603980671328,-0.6244884403391728,0.8952412055283997,-0.47339864531518117,0.2200380469245263,-0.1622688945306987,-1.440501531398366,0.11726317816466396,-1.0108211813901464,0.24931868590301717,-0.29433487559008975,0.3013852919422278
Congestion,0.5961299011420805,0.8740590044887439,0.5959428985418572,-0.5240793489346312,0.19021739130433635,-0.4424732775244368,-1.2456666287842726,0.10373644418049645,-1.045217416220267,0.5013080306550253,-0.31482604300493294,0.27988076207817786,-0.4820732219398276,0.2155117609662927,-0.16126152389904774,-1.4508920418628108,0.1156078904519678,-1.0793207825497189,0.2615518373968472,-0.2646910777220001,0.24602695860629353
Congestion,0.6710153697421691,0.9838935950731501,0.6708467225766671,-0.7240373489867608,0.17896678966788568,-0.26661354208373433,-1.453604797330971,0.10124530562923154,-0.9551481281073606,0.1786685456185446,-0.14587971422237697,0.4180731524368905,-0.40453099566222683,0.2208860759493531,-0.19359298675490716,-1.4484631565867572,0.12172701557725879,-1.0575004426535062,0.33099337568548254,-0.39938796230211876,0.29862361576086427
Congestion,0.6413798780787021,0.9404988714159741,0.6412039476388405,-0.7277870243332879,0.1674816625916768,-0.31040897760682434,-1.396616236309354,0.10483176442015976,-0.9701948461462302,0.38312303198883235,-0.25463577116201985,0.30688662970188574,-0.45270942290596683,0.3919999999999715,-0.20508159383326705,-1.40602183587314,0.12147213751275704,-0.9836877428168492,0.3754459783002551,-0.3964304579758019,0.2453579355481737
Congestion,0.6321202062847266,0.9269712447153681,0.6319301091802537,-0.8487159383285634,0.4379968203497267,-0.29756505982384923,-1.160313937516337,0.08876883383931403,-0.976952275899585,0.4310133491396523,-0.44819204810578217,0.2695396425650076,-0.4492936007888036,0.21473551637278243,-0.18423931207134384,-1.4185843117894743,0.10798938486816805,-1.0029400664715828,0.30382387291197493,-0.27894302937373144,0.3216351193240654
Congestion,0.63529513547337,0.9315766269748486,0.635106656339068,-0.027697477952397246,0.26728395061726745,0.018267812357574707,-1.5422670480651521,0.11392619906122554,-0.2361269777302851,0.15117270516074863,-0.17213790867101383,0.4264138517394303,-0.46894459803321475,0.2215873015872875,-0.19331343145054244,-1.4204316569281283,0.11090863383985565,-0.9628378608529614,0.20610145327281906,-0.2812449901002562,0.2754176431813211
Congestion,0.6488070506572913,0.9514561951853192,0.6486263987102943,-0.8637253475163298,0.21019108280253437,-0.11680642194499659,-1.433227955447882,0.10305272459322605,-0.8764382556865327,0.14483334950056603,-0.15520278475385585,0.2923716288203327,-0.4844261253358641,0.20376175548588063,-0.1911459014200763,-1.4079002392496955,0.1137263900689668,-0.9555164546778111,0.3516072884213956,-0.45122820446036166,0.26213667116715783
Congestion,0.6276697401398116,0.9204879479956865,0.6274832816064521,-0.7042545991299509,0.3228511530398097,-0.11172068560771177,-1.4338529720935531,0.10612687578853214,-0.8852675038861247,0.3700894306677102,-0.5031074651284855,0.6830967201671532,-0.44357498182871824,0.21523809523808157,-0.20702624447092832,-1.4137985913822306,0.1149109280837359,-1.051392751207762,0.26997758808301053,-0.32540443314375733,0.2944701467703269
Congestion,0.6120336455952702,0.8975195521757148,0.6118427693040058,-0.6445182788985175,0.2135186355021975,-0.31082397413638335,-1.2476254485091807,0.10396614956030321,-1.0756833387511648,0.40050011546841835,-0.5752969181291455,0.5243703379975501,-0.4274111498886973,0.2179974651457403,-0.20631352530368477,-1.4152381641768015,0.11413725827748862,-0.9693440279402243,0.2672096621874544,-0.3192749067311482,0.2956449605574237
Congestion,0.6281066320261283,0.921142148768605,0.6279192514499768,-0.4604887119973075,0.4283614988978377,-0.13962677595305698,-1.4465498845695037,0.10683353797793006,-1.0776671240650244,0.6002402976221672,-0.7118036519940845,0.5108661161434491,-0.436841008878196,0.22547770700635505,-0.24332638197149076,-1.3807509481569442,0.11190084138874387,-0.9352809081678525,0.3158831554988571,-0.2610844166697448,0.2750154696858125
Congestion,0.6112910398113423,0.8964754941157934,0.6111062436851135,-1.0252306195937706,0.19363222871993543,-0.43533915397644063,-1.0751392566650249,0.08356083934321093,-1.056615621439872,0.4288980428823391,-0.3681689993791018,0.42398238793142423,-0.5174210687150541,0.20175438596489964,-0.3017909208793101,-1.2455232300056445,0.09435939130542001,-0.960459605625393,0.3521056286213287,-0.36127245528166974,0.18689260348791994
Congestion,0.6283299166497127,0.9212958485777274,0.6281646088640871,-0.10935546772721137,0.3380530973451028,-0.38085674028600414,0.056247937324518826,0.06069002391160365,-0.9964389881717658,0.3561442466435703,-0.06869782418412484,0.48189515345449296,-3.7943135660134275,0.31376518218620303,-0.4323996761834658,-0.2511257609561195,0.06505643641306391,-1.2046808594515435,0.40546928757470857,-0.36829163990621067,0.38088840457812356
